min_t,max_t,label,fname,fname_trim
7.017900466918945,12.017900466918945,BOALUN_F,INCT41_20201112_200000.wav,BOALUN_F_001
12.048453330993652,17.048453330993652,BOALUN_F,INCT41_20201112_200000.wav,BOALUN_F_002
17.409652709960938,22.409652709960938,BOALUN_F,INCT41_20201112_200000.wav,BOALUN_F_003
21.188471794128418,26.188471794128418,BOALUN_F,INCT41_20201112_200000.wav,BOALUN_F_004
24.754732131958008,29.754732131958008,BOALUN_F,INCT41_20201112_200000.wav,BOALUN_F_005
27.84864044189453,32.84864044189453,BOALUN_F,INCT41_20201112_200000.wav,BOALUN_F_006
31.34404754638672,36.34404754638672,BOALUN_F,INCT41_20201112_200000.wav,BOALUN_F_007
35.35904312133789,40.35904312133789,BOALUN_F,INCT41_20201112_200000.wav,BOALUN_F_008
38.35848045349121,43.35848045349121,BOALUN_F,INCT41_20201112_200000.wav,BOALUN_F_009
40.980037689208984,45.980037689208984,BOALUN_F,INCT41_20201112_200000.wav,BOALUN_F_010
50.07282066345215,55.07282066345215,BOALUN_F,INCT41_20201112_200000.wav,BOALUN_F_012
12.284629344940186,17.284629344940186,BOALUN_F,INCT41_20201020_200000.wav,BOALUN_F_017
16.707029342651367,21.707029342651367,BOALUN_F,INCT41_20201020_200000.wav,BOALUN_F_018
21.93833065032959,26.93833065032959,BOALUN_F,INCT41_20201020_200000.wav,BOALUN_F_019
25.492782592773438,30.492782592773438,BOALUN_F,INCT41_20201020_200000.wav,BOALUN_F_020
28.23833179473877,33.23833179473877,BOALUN_F,INCT41_20201020_200000.wav,BOALUN_F_021
33.06813430786133,38.06813430786133,BOALUN_F,INCT41_20201020_200000.wav,BOALUN_F_022
36.66982078552246,41.66982078552246,BOALUN_F,INCT41_20201020_200000.wav,BOALUN_F_023
39.994001388549805,44.994001388549805,BOALUN_F,INCT41_20201020_200000.wav,BOALUN_F_024
43.23551940917969,48.23551940917969,BOALUN_F,INCT41_20201020_200000.wav,BOALUN_F_025
47.014339447021484,52.014339447021484,BOALUN_F,INCT41_20201020_200000.wav,BOALUN_F_026
50.62783432006836,55.62783432006836,BOALUN_F,INCT41_20201020_200000.wav,BOALUN_F_027
53.863447189331055,58.863447189331055,BOALUN_F,INCT41_20201020_200000.wav,BOALUN_F_028
56.04217338562012,61.04217338562012,BOALUN_F,INCT41_20201020_200000.wav,BOALUN_F_029
-1.177412986755371,3.822587013244629,BOALUN_F,INCT41_20201028_204500.wav,BOALUN_F_030
2.5187442302703857,7.518744230270386,BOALUN_F,INCT41_20201028_204500.wav,BOALUN_F_031
6.4392688274383545,11.439268827438354,BOALUN_F,INCT41_20201028_204500.wav,BOALUN_F_032
10.182661533355713,15.182661533355713,BOALUN_F,INCT41_20201028_204500.wav,BOALUN_F_033
13.565885543823242,18.565885543823242,BOALUN_F,INCT41_20201028_204500.wav,BOALUN_F_034
16.51808738708496,21.51808738708496,BOALUN_F,INCT41_20201028_204500.wav,BOALUN_F_035
21.63720703125,26.63720703125,BOALUN_F,INCT41_20201028_204500.wav,BOALUN_F_036
25.42193031311035,30.42193031311035,BOALUN_F,INCT41_20201028_204500.wav,BOALUN_F_037
28.486315727233887,33.48631572723389,BOALUN_F,INCT41_20201028_204500.wav,BOALUN_F_038
31.62155532836914,36.62155532836914,BOALUN_F,INCT41_20201028_204500.wav,BOALUN_F_039
36.95323181152344,41.95323181152344,BOALUN_F,INCT41_20201028_204500.wav,BOALUN_F_040
40.51358985900879,45.51358985900879,BOALUN_F,INCT41_20201028_204500.wav,BOALUN_F_041
44.469539642333984,49.469539642333984,BOALUN_F,INCT41_20201028_204500.wav,BOALUN_F_042
48.18931579589844,53.18931579589844,BOALUN_F,INCT41_20201028_204500.wav,BOALUN_F_043
51.33636283874512,56.33636283874512,BOALUN_F,INCT41_20201028_204500.wav,BOALUN_F_044
55.079755783081055,60.079755783081055,BOALUN_F,INCT41_20201028_204500.wav,BOALUN_F_045
-1.7855669856071472,3.214433014392853,BOALUN_F,INCT41_20201218_200000.wav,BOALUN_F_046
2.8021554946899414,7.802155494689941,BOALUN_F,INCT41_20201218_200000.wav,BOALUN_F_047
8.854170322418213,13.854170322418213,BOALUN_F,INCT41_20201218_200000.wav,BOALUN_F_048
11.753232955932617,16.753232955932617,BOALUN_F,INCT41_20201218_200000.wav,BOALUN_F_049
17.244330406188965,22.244330406188965,BOALUN_F,INCT41_20201218_200000.wav,BOALUN_F_050
23.207777976989746,28.207777976989746,BOALUN_F,INCT41_20201218_200000.wav,BOALUN_F_051
27.25819969177246,32.25819969177246,BOALUN_F,INCT41_20201218_200000.wav,BOALUN_F_052
30.777225494384766,35.777225494384766,BOALUN_F,INCT41_20201218_200000.wav,BOALUN_F_053
36.681631088256836,41.681631088256836,BOALUN_F,INCT41_20201218_200000.wav,BOALUN_F_054
41.0036563873291,46.0036563873291,BOALUN_F,INCT41_20201218_200000.wav,BOALUN_F_055
45.207590103149414,50.207590103149414,BOALUN_F,INCT41_20201218_200000.wav,BOALUN_F_056
49.78940963745117,54.78940963745117,BOALUN_F,INCT41_20201218_200000.wav,BOALUN_F_057
55.31593132019043,60.31593132019043,BOALUN_F,INCT41_20201218_200000.wav,BOALUN_F_058
0.2632615566253662,5.263261556625366,BOALUN_F,INCT41_20210105_193000.wav,BOALUN_F_059
2.4715092182159424,7.471509218215942,BOALUN_F,INCT41_20210105_193000.wav,BOALUN_F_060
5.730740547180176,10.730740547180176,BOALUN_F,INCT41_20210105_193000.wav,BOALUN_F_061
7.11237096786499,12.11237096786499,BOALUN_F,INCT41_20210105_193000.wav,BOALUN_F_062
9.934677124023438,14.934677124023438,BOALUN_F,INCT41_20210105_193000.wav,BOALUN_F_063
13.229334354400635,18.229334354400635,BOALUN_F,INCT41_20210105_193000.wav,BOALUN_F_064
16.67750644683838,21.67750644683838,BOALUN_F,INCT41_20210105_193000.wav,BOALUN_F_065
20.574414253234863,25.574414253234863,BOALUN_F,INCT41_20210105_193000.wav,BOALUN_F_066
23.562042236328125,28.562042236328125,BOALUN_F,INCT41_20210105_193000.wav,BOALUN_F_067
26.307591438293457,31.307591438293457,BOALUN_F,INCT41_20210105_193000.wav,BOALUN_F_068
28.675257682800293,33.67525768280029,BOALUN_F,INCT41_20210105_193000.wav,BOALUN_F_069
32.11752510070801,37.11752510070801,BOALUN_F,INCT41_20210105_193000.wav,BOALUN_F_070
34.23130226135254,39.23130226135254,BOALUN_F,INCT41_20210105_193000.wav,BOALUN_F_071
36.876474380493164,41.876474380493164,BOALUN_F,INCT41_20210105_193000.wav,BOALUN_F_072
39.46260452270508,44.46260452270508,BOALUN_F,INCT41_20210105_193000.wav,BOALUN_F_073
42.23176956176758,47.23176956176758,BOALUN_F,INCT41_20210105_193000.wav,BOALUN_F_074
44.8474235534668,49.8474235534668,BOALUN_F,INCT41_20210105_193000.wav,BOALUN_F_075
47.17966079711914,52.17966079711914,BOALUN_F,INCT41_20210105_193000.wav,BOALUN_F_076
50.751827239990234,55.751827239990234,BOALUN_F,INCT41_20210105_193000.wav,BOALUN_F_077
54.03467559814453,59.03467559814453,BOALUN_F,INCT41_20210105_193000.wav,BOALUN_F_078
57.10496711730957,62.10496711730957,BOALUN_F,INCT41_20210105_193000.wav,BOALUN_F_079
18.02371120452881,23.02371120452881,BOALUN_F,INCT41_20201022_213000.wav,BOALUN_F_080
21.6135892868042,26.6135892868042,BOALUN_F,INCT41_20201022_213000.wav,BOALUN_F_081
24.42408561706543,29.42408561706543,BOALUN_F,INCT41_20201022_213000.wav,BOALUN_F_082
27.81911849975586,32.81911849975586,BOALUN_F,INCT41_20201022_213000.wav,BOALUN_F_083
30.86579132080078,35.86579132080078,BOALUN_F,INCT41_20201022_213000.wav,BOALUN_F_084
34.514713287353516,39.514713287353516,BOALUN_F,INCT41_20201022_213000.wav,BOALUN_F_085
37.60862159729004,42.60862159729004,BOALUN_F,INCT41_20201022_213000.wav,BOALUN_F_086
40.3010311126709,45.3010311126709,BOALUN_F,INCT41_20201022_213000.wav,BOALUN_F_087
43.6783504486084,48.6783504486084,BOALUN_F,INCT41_20201022_213000.wav,BOALUN_F_088
46.801780700683594,51.801780700683594,BOALUN_F,INCT41_20201022_213000.wav,BOALUN_F_089
50.15548324584961,55.15548324584961,BOALUN_F,INCT41_20201022_213000.wav,BOALUN_F_090
53.97563171386719,58.97563171386719,BOALUN_F,INCT41_20201022_213000.wav,BOALUN_F_091
56.63261413574219,61.63261413574219,BOALUN_F,INCT41_20201022_213000.wav,BOALUN_F_092
-1.2482659816741943,3.7517340183258057,BOALUN_F,INCT41_20201028_224500.wav,BOALUN_F_093
3.050140619277954,8.050140619277954,BOALUN_F,INCT41_20201028_224500.wav,BOALUN_F_094
7.69100284576416,12.69100284576416,BOALUN_F,INCT41_20201028_224500.wav,BOALUN_F_095
11.103748321533203,16.103748321533203,BOALUN_F,INCT41_20201028_224500.wav,BOALUN_F_096
15.000656127929688,20.000656127929688,BOALUN_F,INCT41_20201028_224500.wav,BOALUN_F_097
18.921180725097656,23.921180725097656,BOALUN_F,INCT41_20201028_224500.wav,BOALUN_F_098
23.62699031829834,28.62699031829834,BOALUN_F,INCT41_20201028_224500.wav,BOALUN_F_099
27.6715087890625,32.6715087890625,BOALUN_F,INCT41_20201028_224500.wav,BOALUN_F_100
30.582380294799805,35.582380294799805,BOALUN_F,INCT41_20201028_224500.wav,BOALUN_F_101
33.59362602233887,38.59362602233887,BOALUN_F,INCT41_20201028_224500.wav,BOALUN_F_102
37.79165840148926,42.79165840148926,BOALUN_F,INCT41_20201028_224500.wav,BOALUN_F_103
41.54095649719238,46.54095649719238,BOALUN_F,INCT41_20201028_224500.wav,BOALUN_F_104
44.4931583404541,49.4931583404541,BOALUN_F,INCT41_20201028_224500.wav,BOALUN_F_105
47.404029846191406,52.404029846191406,BOALUN_F,INCT41_20201028_224500.wav,BOALUN_F_106
49.8071231842041,54.8071231842041,BOALUN_F,INCT41_20201028_224500.wav,BOALUN_F_107
54.371225357055664,59.371225357055664,BOALUN_F,INCT41_20201028_224500.wav,BOALUN_F_108
8.494001865386963,13.494001865386963,BOALUN_F,INCT41_20201114_203000.wav,BOALUN_F_109
21.530927658081055,26.530927658081055,BOALUN_F,INCT41_20201114_203000.wav,BOALUN_F_110
-0.2622305154800415,4.7377694845199585,BOALUN_F,INCT41_20201124_230000.wav,BOALUN_F_111
3.138706684112549,8.138706684112549,BOALUN_F,INCT41_20201124_230000.wav,BOALUN_F_112
8.240112781524658,13.240112781524658,BOALUN_F,INCT41_20201124_230000.wav,BOALUN_F_113
10.412933349609375,15.412933349609375,BOALUN_F,INCT41_20201124_230000.wav,BOALUN_F_114
14.569634437561035,19.569634437561035,BOALUN_F,INCT41_20201124_230000.wav,BOALUN_F_115
22.735426902770996,27.735426902770996,BOALUN_F,INCT41_20201124_230000.wav,BOALUN_F_116
25.085378646850586,30.085378646850586,BOALUN_F,INCT41_20201124_230000.wav,BOALUN_F_117
28.76972770690918,33.76972770690918,BOALUN_F,INCT41_20201124_230000.wav,BOALUN_F_118
32.45407676696777,37.45407676696777,BOALUN_F,INCT41_20201124_230000.wav,BOALUN_F_119
35.713308334350586,40.713308334350586,BOALUN_F,INCT41_20201124_230000.wav,BOALUN_F_120
39.88772201538086,44.88772201538086,BOALUN_F,INCT41_20201124_230000.wav,BOALUN_F_121
49.85435676574707,54.85435676574707,BOALUN_F,INCT41_20201124_230000.wav,BOALUN_F_122
-2.1339269876480103,2.8660730123519897,BOALUN_F,INCT41_20201020_210000.wav,BOALUN_F_123
0.3341140151023865,5.3341140151023865,BOALUN_F,INCT41_20201020_210000.wav,BOALUN_F_124
2.8730080127716064,7.8730080127716064,BOALUN_F,INCT41_20201020_210000.wav,BOALUN_F_125
6.521930456161499,11.521930456161499,BOALUN_F,INCT41_20201020_210000.wav,BOALUN_F_126
10.607778072357178,15.607778072357178,BOALUN_F,INCT41_20201020_210000.wav,BOALUN_F_127
31.015453338623047,36.01545333862305,BOALUN_F,INCT41_20201213_203000.wav,BOALUN_F_146
36.753509521484375,41.753509521484375,BOALUN_F,INCT41_20201213_203000.wav,BOALUN_F_147
41.792091369628906,46.792091369628906,BOALUN_F,INCT41_20201213_203000.wav,BOALUN_F_149
49.818254470825195,54.818254470825195,BOALUN_F,INCT41_20201213_203000.wav,BOALUN_F_150
54.50117111206055,59.50117111206055,BOALUN_F,INCT41_20201213_203000.wav,BOALUN_F_151
-1.6674789786338806,3.3325210213661194,BOALUN_F,INCT41_20201121_184500.wav,BOALUN_F_152
1.3732894659042358,6.373289465904236,BOALUN_F,INCT41_20201121_184500.wav,BOALUN_F_153
4.118837356567383,9.118837356567383,BOALUN_F,INCT41_20201121_184500.wav,BOALUN_F_154
7.673289775848389,12.673289775848389,BOALUN_F,INCT41_20201121_184500.wav,BOALUN_F_155
10.277132034301758,15.277132034301758,BOALUN_F,INCT41_20201121_184500.wav,BOALUN_F_156
14.475163459777832,19.475163459777832,BOALUN_F,INCT41_20201121_184500.wav,BOALUN_F_157
19.434864044189453,24.434864044189453,BOALUN_F,INCT41_20201121_184500.wav,BOALUN_F_158
22.1981258392334,27.1981258392334,BOALUN_F,INCT41_20201121_184500.wav,BOALUN_F_159
25.108996391296387,30.108996391296387,BOALUN_F,INCT41_20201121_184500.wav,BOALUN_F_160
28.102529525756836,33.102529525756836,BOALUN_F,INCT41_20201121_184500.wav,BOALUN_F_161
37.65585708618164,42.65585708618164,BOALUN_F,INCT41_20201121_184500.wav,BOALUN_F_163
41.1335506439209,46.1335506439209,BOALUN_F,INCT41_20201121_184500.wav,BOALUN_F_164
44.859230041503906,49.859230041503906,BOALUN_F,INCT41_20201121_184500.wav,BOALUN_F_165
47.846858978271484,52.846858978271484,BOALUN_F,INCT41_20201121_184500.wav,BOALUN_F_166
50.078725814819336,55.078725814819336,BOALUN_F,INCT41_20201121_184500.wav,BOALUN_F_167
52.4345817565918,57.4345817565918,BOALUN_F,INCT41_20201121_184500.wav,BOALUN_F_168
54.92033767700195,59.92033767700195,BOALUN_F,INCT41_20201121_184500.wav,BOALUN_F_169
47.09700012207031,52.09700012207031,BOALUN_F,INCT41_20201112_220000.wav,BOALUN_F_170
-2.352390006184578,2.647609993815422,BOALUN_F,INCT41_20201220_233000.wav,BOALUN_F_171
2.070009469985962,7.070009469985962,BOALUN_F,INCT41_20201220_233000.wav,BOALUN_F_172
5.01630711555481,10.01630711555481,BOALUN_F,INCT41_20201220_233000.wav,BOALUN_F_173
9.651265144348145,14.651265144348145,BOALUN_F,INCT41_20201220_233000.wav,BOALUN_F_174
13.571789741516113,18.571789741516113,BOALUN_F,INCT41_20201220_233000.wav,BOALUN_F_175
17.47460174560547,22.47460174560547,BOALUN_F,INCT41_20201220_233000.wav,BOALUN_F_176
20.68069362640381,25.68069362640381,BOALUN_F,INCT41_20201220_233000.wav,BOALUN_F_177
25.02633571624756,30.02633571624756,BOALUN_F,INCT41_20201220_233000.wav,BOALUN_F_178
30.913026809692383,35.91302680969238,BOALUN_F,INCT41_20201220_233000.wav,BOALUN_F_179
34.744985580444336,39.744985580444336,BOALUN_F,INCT41_20201220_233000.wav,BOALUN_F_180
38.18134880065918,43.18134880065918,BOALUN_F,INCT41_20201220_233000.wav,BOALUN_F_181
42.00149917602539,47.00149917602539,BOALUN_F,INCT41_20201220_233000.wav,BOALUN_F_182
51.69653129577637,56.69653129577637,BOALUN_F,INCT41_20201220_233000.wav,BOALUN_F_183
55.38088035583496,60.38088035583496,BOALUN_F,INCT41_20201220_233000.wav,BOALUN_F_184
46.05782508850098,51.05782508850098,BOALUN_F,INCT41_20201228_224500.wav,BOALUN_F_209
55.31593322753906,60.31593322753906,BOALUN_F,INCT41_20201228_224500.wav,BOALUN_F_210
-0.35670095682144165,4.643299043178558,BOALUN_F,INCT41_20201031_200000.wav,BOALUN_F_211
3.599250316619873,8.599250316619873,BOALUN_F,INCT41_20201031_200000.wav,BOALUN_F_212
8.04526662826538,13.04526662826538,BOALUN_F,INCT41_20201031_200000.wav,BOALUN_F_213
11.676476001739502,16.676476001739502,BOALUN_F,INCT41_20201031_200000.wav,BOALUN_F_214
16.464948654174805,21.464948654174805,BOALUN_F,INCT41_20201031_200000.wav,BOALUN_F_215
20.609840393066406,25.609840393066406,BOALUN_F,INCT41_20201031_200000.wav,BOALUN_F_216
24.95548152923584,29.95548152923584,BOALUN_F,INCT41_20201031_200000.wav,BOALUN_F_217
29.543204307556152,34.54320430755615,BOALUN_M,INCT41_20201031_200000.wav,BOALUN_M_218
33.10356140136719,38.10356140136719,BOALUN_M,INCT41_20201031_200000.wav,BOALUN_M_219
35.666072845458984,40.666072845458984,BOALUN_F,INCT41_20201031_200000.wav,BOALUN_F_220
39.59250068664551,44.59250068664551,BOALUN_M,INCT41_20201031_200000.wav,BOALUN_M_221
43.77281951904297,48.77281951904297,BOALUN_F,INCT41_20201031_200000.wav,BOALUN_F_222
47.7287712097168,52.7287712097168,BOALUN_F,INCT41_20201031_200000.wav,BOALUN_F_223
51.720149993896484,56.720149993896484,BOALUN_F,INCT41_20201031_200000.wav,BOALUN_F_224
56.12483596801758,61.12483596801758,BOALUN_F,INCT41_20201031_200000.wav,BOALUN_F_225
1.1371134519577026,6.137113451957703,BOALUN_F,INCT41_20201228_214500.wav,BOALUN_F_226
5.352858543395996,10.352858543395996,BOALUN_F,INCT41_20201228_214500.wav,BOALUN_F_227
10.076382637023926,15.076382637023926,BOALUN_F,INCT41_20201228_214500.wav,BOALUN_F_228
14.947516441345215,19.947516441345215,BOALUN_F,INCT41_20201228_214500.wav,BOALUN_F_229
19.056982040405273,24.056982040405273,BOALUN_F,INCT41_20201228_214500.wav,BOALUN_F_230
22.947983741760254,27.947983741760254,BOALUN_F,INCT41_20201228_214500.wav,BOALUN_F_231
27.228678703308105,32.228678703308105,BOALUN_F,INCT41_20201228_214500.wav,BOALUN_F_232
30.800844192504883,35.80084419250488,BOALUN_F,INCT41_20201228_214500.wav,BOALUN_F_233
35.713308334350586,40.713308334350586,BOALUN_F,INCT41_20201228_214500.wav,BOALUN_F_234
39.93495750427246,44.93495750427246,BOALUN_F,INCT41_20201228_214500.wav,BOALUN_F_235
43.33589553833008,48.33589553833008,BOALUN_F,INCT41_20201228_214500.wav,BOALUN_F_236
47.75238800048828,52.75238800048828,BOALUN_F,INCT41_20201228_214500.wav,BOALUN_F_237
55.8414249420166,60.8414249420166,BOALUN_F,INCT41_20201228_214500.wav,BOALUN_F_238
1.3319591283798218,6.331959128379822,BOALUN_F,INCT41_20201220_203000.wav,BOALUN_F_239
5.831115245819092,10.831115245819092,BOALUN_F,INCT41_20201220_203000.wav,BOALUN_F_240
9.668977737426758,14.668977737426758,BOALUN_F,INCT41_20201220_203000.wav,BOALUN_F_241
13.571789741516113,18.571789741516113,BOALUN_F,INCT41_20201220_203000.wav,BOALUN_F_242
36.64681053161621,41.64681053161621,BOALUN_F,INCT41_20201220_203000.wav,BOALUN_F_243
42.85908508300781,47.85908508300781,BOALUN_F,INCT41_20201220_203000.wav,BOALUN_F_244
47.50643539428711,52.50643539428711,BOALUN_F,INCT41_20201220_203000.wav,BOALUN_F_245
55.09394645690918,60.09394645690918,BOALUN_F,INCT41_20201220_203000.wav,BOALUN_F_246
-1.8446109890937805,3.1553890109062195,BOALUN_F,INCT41_20201107_213000.wav,BOALUN_F_258
41.67085266113281,46.67085266113281,BOALUN_F,INCT41_20201107_213000.wav,BOALUN_F_266
-0.5633554458618164,4.436644554138184,BOALUN_F,INCT41_20201121_214500.wav,BOALUN_F_269
4.09522008895874,9.09522008895874,BOALUN_F,INCT41_20201121_214500.wav,BOALUN_F_270
15.278162956237793,20.278162956237793,BOALUN_F,INCT41_20201121_214500.wav,BOALUN_F_272
18.271696090698242,23.271696090698242,BOALUN_F,INCT41_20201121_214500.wav,BOALUN_F_273
21.24751567840576,26.24751567840576,BOALUN_F,INCT41_20201121_214500.wav,BOALUN_F_274
25.475069999694824,30.475069999694824,BOALUN_F,INCT41_20201121_214500.wav,BOALUN_F_275
30.009652137756348,35.00965213775635,BOALUN_F,INCT41_20201121_214500.wav,BOALUN_F_276
34.62689781188965,39.62689781188965,BOALUN_F,INCT41_20201121_214500.wav,BOALUN_F_277
39.33270835876465,44.33270835876465,BOALUN_F,INCT41_20201121_214500.wav,BOALUN_F_278
56.998687744140625,61.998687744140625,BOALUN_F,INCT41_20201121_214500.wav,BOALUN_F_281
0.33411407470703125,5.334114074707031,BOALUN_F,INCT41_20210103_201500.wav,BOALUN_F_282
3.3630740642547607,8.36307406425476,BOALUN_F,INCT41_20210103_201500.wav,BOALUN_F_283
6.758106708526611,11.758106708526611,BOALUN_F,INCT41_20210103_201500.wav,BOALUN_F_284
10.513308048248291,15.513308048248291,BOALUN_F,INCT41_20210103_201500.wav,BOALUN_F_285
17.427366256713867,22.427366256713867,BOALUN_F,INCT41_20210103_201500.wav,BOALUN_F_286
23.66832160949707,28.66832160949707,BOALUN_F,INCT41_20210103_201500.wav,BOALUN_F_287
27.594751358032227,32.59475135803223,BOALUN_F,INCT41_20210103_201500.wav,BOALUN_F_288
35.5479850769043,40.5479850769043,BOALUN_F,INCT41_20210103_201500.wav,BOALUN_F_289
39.11424446105957,44.11424446105957,BOALUN_F,INCT41_20210103_201500.wav,BOALUN_F_290
0.35773205757141113,5.357732057571411,BOALUN_F,INCT41_20201213_193000.wav,BOALUN_F_291
3.6760075092315674,8.676007509231567,BOALUN_F,INCT41_20201213_193000.wav,BOALUN_F_292
7.443017959594727,12.443017959594727,BOALUN_F,INCT41_20201213_193000.wav,BOALUN_F_293
10.111809253692627,15.111809253692627,BOALUN_F,INCT41_20201213_193000.wav,BOALUN_F_294
12.615275859832764,17.615275859832764,BOALUN_F,INCT41_20201213_193000.wav,BOALUN_F_295
15.909934043884277,20.909934043884277,BOALUN_F,INCT41_20201213_193000.wav,BOALUN_F_296
19.263636589050293,24.263636589050293,BOALUN_F,INCT41_20201213_193000.wav,BOALUN_F_297
22.345735549926758,27.345735549926758,BOALUN_F,INCT41_20201213_193000.wav,BOALUN_F_298
25.994657516479492,30.994657516479492,BOALUN_F,INCT41_20201213_193000.wav,BOALUN_F_299
29.537301063537598,34.5373010635376,BOALUN_F,INCT41_20201213_193000.wav,BOALUN_F_300
32.45407485961914,37.45407485961914,BOALUN_F,INCT41_20201213_193000.wav,BOALUN_F_301
35.81958770751953,40.81958770751953,BOALUN_F,INCT41_20201213_193000.wav,BOALUN_F_302
39.019775390625,44.019775390625,BOALUN_F,INCT41_20201213_193000.wav,BOALUN_F_303
41.369728088378906,46.369728088378906,BOALUN_F,INCT41_20201213_193000.wav,BOALUN_F_304
43.62520980834961,48.62520980834961,BOALUN_F,INCT41_20201213_193000.wav,BOALUN_F_305
46.24676704406738,51.24676704406738,BOALUN_F,INCT41_20201213_193000.wav,BOALUN_F_306
49.57685089111328,54.57685089111328,BOALUN_F,INCT41_20201213_193000.wav,BOALUN_F_307
51.58434867858887,56.58434867858887,BOALUN_F,INCT41_20201213_193000.wav,BOALUN_F_308
53.79259490966797,58.79259490966797,BOALUN_F,INCT41_20201213_193000.wav,BOALUN_F_309
56.390533447265625,61.390533447265625,BOALUN_F,INCT41_20201213_193000.wav,BOALUN_F_310
34.613630294799805,39.613630294799805,BOALUN_M,INCT41_20201028_234500.wav,BOALUN_M_311
38.24824333190918,43.24824333190918,BOALUN_M,INCT41_20201028_234500.wav,BOALUN_M_312
42.77386474609375,47.77386474609375,BOALUN_M,INCT41_20201028_234500.wav,BOALUN_M_313
-1.0002815127372742,3.999718487262726,BOALUN_F,INCT41_20201031_190000.wav,BOALUN_F_316
2.437809467315674,7.437809467315674,BOALUN_F,INCT41_20201031_190000.wav,BOALUN_F_317
6.148576259613037,11.148576259613037,BOALUN_F,INCT41_20201031_190000.wav,BOALUN_F_318
9.628160953521729,14.628160953521729,BOALUN_F,INCT41_20201031_190000.wav,BOALUN_F_319
11.542821407318115,16.542821407318115,BOALUN_F,INCT41_20201031_190000.wav,BOALUN_F_320
14.358500003814697,19.358500003814697,BOALUN_F,INCT41_20201031_190000.wav,BOALUN_F_321
17.50613021850586,22.50613021850586,BOALUN_F,INCT41_20201031_190000.wav,BOALUN_F_322
20.66561794281006,25.66561794281006,BOALUN_F,INCT41_20201031_190000.wav,BOALUN_F_323
23.344956398010254,28.344956398010254,BOALUN_F,INCT41_20201031_190000.wav,BOALUN_F_324
26.374032974243164,31.374032974243164,BOALUN_F,INCT41_20201031_190000.wav,BOALUN_F_325
29.98995590209961,34.98995590209961,BOALUN_F,INCT41_20201031_190000.wav,BOALUN_F_326
8.511714935302734,13.511714935302734,BOALUN_F,INCT41_20201015_203000.wav,BOALUN_F_334
12.615276336669922,17.615276336669922,BOALUN_F,INCT41_20201015_203000.wav,BOALUN_F_335
18.118181228637695,23.118181228637695,BOALUN_F,INCT41_20201015_203000.wav,BOALUN_F_336
22.457919120788574,27.457919120788574,BOALUN_F,INCT41_20201015_203000.wav,BOALUN_F_337
25.321555137634277,30.321555137634277,BOALUN_F,INCT41_20201015_203000.wav,BOALUN_F_338
29.643579483032227,34.64357948303223,BOALUN_F,INCT41_20201015_203000.wav,BOALUN_F_339
35.21143341064453,40.21143341064453,BOALUN_F,INCT41_20201015_203000.wav,BOALUN_F_340
39.090627670288086,44.090627670288086,BOALUN_F,INCT41_20201015_203000.wav,BOALUN_F_341
50.71049499511719,55.71049499511719,BOALUN_F,INCT41_20201015_203000.wav,BOALUN_F_343
55.26279067993164,60.26279067993164,BOALUN_F,INCT41_20201015_203000.wav,BOALUN_F_344
-0.8231489658355713,4.176851034164429,BOALUN_F,INCT41_20210105_203000.wav,BOALUN_F_345
3.1977505683898926,8.197750568389893,BOALUN_F,INCT41_20210105_203000.wav,BOALUN_F_346
5.9492027759552,10.9492027759552,BOALUN_F,INCT41_20210105_203000.wav,BOALUN_F_347
9.745736122131348,14.745736122131348,BOALUN_F,INCT41_20210105_203000.wav,BOALUN_F_348
12.99906301498413,17.99906301498413,BOALUN_F,INCT41_20210105_203000.wav,BOALUN_F_349
16.152013778686523,21.152013778686523,BOALUN_F,INCT41_20210105_203000.wav,BOALUN_F_350
20.231958389282227,25.231958389282227,BOALUN_F,INCT41_20210105_203000.wav,BOALUN_F_351
23.09559440612793,28.09559440612793,BOALUN_F,INCT41_20210105_203000.wav,BOALUN_F_352
26.626428604125977,31.626428604125977,BOALUN_F,INCT41_20210105_203000.wav,BOALUN_F_353
30.440675735473633,35.44067573547363,BOALUN_F,INCT41_20210105_203000.wav,BOALUN_F_354
34.73908233642578,39.73908233642578,BOALUN_F,INCT41_20210105_203000.wav,BOALUN_F_355
38.25810623168945,43.25810623168945,BOALUN_F,INCT41_20210105_203000.wav,BOALUN_F_356
41.55867004394531,46.55867004394531,BOALUN_F,INCT41_20210105_203000.wav,BOALUN_F_357
44.82380485534668,49.82380485534668,BOALUN_F,INCT41_20210105_203000.wav,BOALUN_F_358
48.15388870239258,53.15388870239258,BOALUN_F,INCT41_20210105_203000.wav,BOALUN_F_359
51.05295372009277,56.05295372009277,BOALUN_F,INCT41_20210105_203000.wav,BOALUN_F_360
55.46944618225098,60.46944618225098,BOALUN_F,INCT41_20210105_203000.wav,BOALUN_F_361
8.682942390441895,13.682942390441895,BOALUN_F,INCT41_20201013_211500.wav,BOALUN_F_362
39.03158378601074,44.03158378601074,BOALUN_F,INCT41_20201013_211500.wav,BOALUN_F_364
44.88284873962402,49.88284873962402,BOALUN_F,INCT41_20201013_211500.wav,BOALUN_F_365
50.6868782043457,55.6868782043457,BOALUN_F,INCT41_20201013_211500.wav,BOALUN_F_366
54.20590400695801,59.20590400695801,BOALUN_F,INCT41_20201013_211500.wav,BOALUN_F_367
42.095970153808594,47.095970153808594,BOALUN_F,INCT41_20201015_183000.wav,BOALUN_F_376
46.081443786621094,51.081443786621094,BOALUN_F,INCT41_20201015_183000.wav,BOALUN_F_377
49.28753471374512,54.28753471374512,BOALUN_F,INCT41_20201015_183000.wav,BOALUN_F_378
51.54301643371582,56.54301643371582,BOALUN_F,INCT41_20201015_183000.wav,BOALUN_F_379
54.20590400695801,59.20590400695801,BOALUN_F,INCT41_20201015_183000.wav,BOALUN_F_380
-1.283692479133606,3.716307520866394,BOALUN_F,INCT41_20210105_214500.wav,BOALUN_F_381
1.6212745904922485,6.6212745904922485,BOALUN_F,INCT41_20210105_214500.wav,BOALUN_F_382
5.2052483558654785,10.205248355865479,BOALUN_F,INCT41_20210105_214500.wav,BOALUN_F_383
10.542829990386963,15.542829990386963,BOALUN_F,INCT41_20210105_214500.wav,BOALUN_F_384
16.754263877868652,21.754263877868652,BOALUN_F,INCT41_20210105_214500.wav,BOALUN_F_385
20.592127799987793,25.592127799987793,BOALUN_F,INCT41_20210105_214500.wav,BOALUN_F_386
26.72680377960205,31.72680377960205,BOALUN_F,INCT41_20210105_214500.wav,BOALUN_F_387
34.384817123413086,39.384817123413086,BOALUN_F,INCT41_20210105_214500.wav,BOALUN_F_388
36.62258720397949,41.62258720397949,BOALUN_F,INCT41_20210105_214500.wav,BOALUN_F_389
39.48622131347656,44.48622131347656,BOALUN_F,INCT41_20210105_214500.wav,BOALUN_F_390
42.21405792236328,47.21405792236328,BOALUN_F,INCT41_20210105_214500.wav,BOALUN_F_391
47.25642013549805,52.25642013549805,BOALUN_F,INCT41_20210105_214500.wav,BOALUN_F_392
52.5113410949707,57.5113410949707,BOALUN_F,INCT41_20210105_214500.wav,BOALUN_F_393
54.82586669921875,59.82586669921875,BOALUN_F,INCT41_20210105_214500.wav,BOALUN_F_394
-1.9095594882965088,3.090440511703491,BOALUN_F,INCT41_20201121_234500.wav,BOALUN_F_395
3.262699604034424,8.262699604034424,BOALUN_F,INCT41_20201121_234500.wav,BOALUN_F_396
9.639456272125244,14.639456272125244,BOALUN_F,INCT41_20201121_234500.wav,BOALUN_F_397
12.709746360778809,17.70974636077881,BOALUN_F,INCT41_20201121_234500.wav,BOALUN_F_398
16.417713165283203,21.417713165283203,BOALUN_F,INCT41_20201121_234500.wav,BOALUN_F_399
20.692501068115234,25.692501068115234,BOALUN_F,INCT41_20201121_234500.wav,BOALUN_F_400
33.516868591308594,38.516868591308594,BOALUN_F,INCT41_20201121_234500.wav,BOALUN_F_402
43.71968078613281,48.71968078613281,BOALUN_F,INCT41_20201121_234500.wav,BOALUN_F_403
47.75829315185547,52.75829315185547,BOALUN_F,INCT41_20201121_234500.wav,BOALUN_F_404
39.01790809631348,44.01790809631348,BOALUN_F,INCT41_20201231_220000.wav,BOALUN_F_405
1.9398789405822754,6.939878940582275,BOALUN_F,INCT41_20201031_210000.wav,BOALUN_F_406
5.7929112911224365,10.792911291122437,BOALUN_F,INCT41_20201031_210000.wav,BOALUN_F_407
9.924548149108887,14.924548149108887,BOALUN_F,INCT41_20201031_210000.wav,BOALUN_F_408
12.514971733093262,17.51497173309326,BOALUN_F,INCT41_20201031_210000.wav,BOALUN_F_409
16.999308586120605,21.999308586120605,BOALUN_F,INCT41_20201031_210000.wav,BOALUN_F_410
25.719017028808594,30.719017028808594,BOALUN_F,INCT41_20201031_210000.wav,BOALUN_F_411
44.73225212097168,49.73225212097168,BOALUN_F,INCT41_20201031_210000.wav,BOALUN_F_412
48.917236328125,53.917236328125,BOALUN_F,INCT41_20201031_210000.wav,BOALUN_F_413
51.39207077026367,56.39207077026367,BOALUN_F,INCT41_20201031_210000.wav,BOALUN_F_414
56.261709213256836,61.261709213256836,BOALUN_F,INCT41_20201031_210000.wav,BOALUN_F_415
-0.1087159514427185,4.8912840485572815,BOALUN_F,INCT41_20201105_191500.wav,BOALUN_F_416
2.9733829498291016,7.973382949829102,BOALUN_F,INCT41_20201105_191500.wav,BOALUN_F_417
6.144048452377319,11.14404845237732,BOALUN_F,INCT41_20201105_191500.wav,BOALUN_F_418
8.99587631225586,13.99587631225586,BOALUN_F,INCT41_20201105_191500.wav,BOALUN_F_419
12.591658592224121,17.59165859222412,BOALUN_F,INCT41_20201105_191500.wav,BOALUN_F_420
16.429521560668945,21.429521560668945,BOALUN_F,INCT41_20201105_191500.wav,BOALUN_F_421
19.706466674804688,24.706466674804688,BOALUN_F,INCT41_20201105_191500.wav,BOALUN_F_422
22.36935329437256,27.36935329437256,BOALUN_F,INCT41_20201105_191500.wav,BOALUN_F_423
25.569540977478027,30.569540977478027,BOALUN_F,INCT41_20201105_191500.wav,BOALUN_F_424
28.574881553649902,33.5748815536499,BOALUN_F,INCT41_20201105_191500.wav,BOALUN_F_425
31.887252807617188,36.88725280761719,BOALUN_F,INCT41_20201105_191500.wav,BOALUN_F_426
38.42933464050293,43.42933464050293,BOALUN_F,INCT41_20201105_191500.wav,BOALUN_F_427
38.615774154663086,43.615774154663086,BOALUN_F,INCT41_20201105_191500.wav,BOALUN_F_428
42.060543060302734,47.060543060302734,BOALUN_F,INCT41_20201105_191500.wav,BOALUN_F_429
46.70730972290039,51.70730972290039,BOALUN_F,INCT41_20201105_191500.wav,BOALUN_F_430
50.179100036621094,55.179100036621094,BOALUN_F,INCT41_20201105_191500.wav,BOALUN_F_431
55.42811584472656,60.42811584472656,BOALUN_F,INCT41_20201105_191500.wav,BOALUN_F_432
4.868696928024292,9.868696928024292,BOALUN_F,INCT41_20201121_034500.wav,BOALUN_F_433
-2.1443355083465576,2.8556644916534424,BOALUN_F,INCT41_20201114_193000.wav,BOALUN_F_434
1.8153960704803467,6.815396070480347,BOALUN_F,INCT41_20201114_193000.wav,BOALUN_F_435
4.696279525756836,9.696279525756836,BOALUN_F,INCT41_20201114_193000.wav,BOALUN_F_436
7.873548984527588,12.873548984527588,BOALUN_F,INCT41_20201114_193000.wav,BOALUN_F_437
10.766287326812744,15.766287326812744,BOALUN_F,INCT41_20201114_193000.wav,BOALUN_F_438
12.75800895690918,17.75800895690918,BOALUN_F,INCT41_20201114_193000.wav,BOALUN_F_439
16.871861457824707,21.871861457824707,BOALUN_F,INCT41_20201114_193000.wav,BOALUN_F_440
19.9068660736084,24.9068660736084,BOALUN_F,INCT41_20201114_193000.wav,BOALUN_F_441
22.847025871276855,27.847025871276855,BOALUN_F,INCT41_20201114_193000.wav,BOALUN_F_442
25.76347541809082,30.76347541809082,BOALUN_F,INCT41_20201114_193000.wav,BOALUN_F_443
28.110861778259277,33.11086177825928,BOALUN_F,INCT41_20201114_193000.wav,BOALUN_F_444
31.16957664489746,36.16957664489746,BOALUN_F,INCT41_20201114_193000.wav,BOALUN_F_445
34.014892578125,39.014892578125,BOALUN_F,INCT41_20201114_193000.wav,BOALUN_F_446
37.78493690490723,42.78493690490723,BOALUN_F,INCT41_20201114_193000.wav,BOALUN_F_447
40.71324157714844,45.71324157714844,BOALUN_F,INCT41_20201114_193000.wav,BOALUN_F_448
44.66111755371094,49.66111755371094,BOALUN_F,INCT41_20201114_193000.wav,BOALUN_F_449
48.83424758911133,53.83424758911133,BOALUN_F,INCT41_20201114_193000.wav,BOALUN_F_450
52.082651138305664,57.082651138305664,BOALUN_F,INCT41_20201114_193000.wav,BOALUN_F_451
56.243927001953125,61.243927001953125,BOALUN_F,INCT41_20201114_193000.wav,BOALUN_F_452
0.6588565111160278,5.658856511116028,BOALUN_F,INCT41_20201231_200000.wav,BOALUN_F_453
3.2863166332244873,8.286316633224487,BOALUN_F,INCT41_20201231_200000.wav,BOALUN_F_454
6.031864881515503,11.031864881515503,BOALUN_F,INCT41_20201231_200000.wav,BOALUN_F_455
9.444611072540283,14.444611072540283,BOALUN_F,INCT41_20201231_200000.wav,BOALUN_F_456
12.514901638031006,17.514901638031006,BOALUN_F,INCT41_20201231_200000.wav,BOALUN_F_457
15.868602752685547,20.868602752685547,BOALUN_F,INCT41_20201231_200000.wav,BOALUN_F_458
22.576007843017578,27.576007843017578,BOALUN_F,INCT41_20201231_200000.wav,BOALUN_F_459
25.79981231689453,30.79981231689453,BOALUN_F,INCT41_20201231_200000.wav,BOALUN_F_460
28.338706970214844,33.338706970214844,BOALUN_F,INCT41_20201231_200000.wav,BOALUN_F_461
29.897469520568848,34.89746952056885,BOALUN_F,INCT41_20201231_200000.wav,BOALUN_F_462
32.16476058959961,37.16476058959961,BOALUN_F,INCT41_20201231_200000.wav,BOALUN_F_463
35.27638244628906,40.27638244628906,BOALUN_F,INCT41_20201231_200000.wav,BOALUN_F_464
38.647796630859375,43.647796630859375,BOALUN_F,INCT41_20201231_200000.wav,BOALUN_F_465
41.38153648376465,46.38153648376465,BOALUN_F,INCT41_20201231_200000.wav,BOALUN_F_466
44.534488677978516,49.534488677978516,BOALUN_F,INCT41_20201231_200000.wav,BOALUN_F_467
47.58116340637207,52.58116340637207,BOALUN_F,INCT41_20201231_200000.wav,BOALUN_F_468
50.04920196533203,55.04920196533203,BOALUN_F,INCT41_20201231_200000.wav,BOALUN_F_469
52.847890853881836,57.847890853881836,BOALUN_F,INCT41_20201231_200000.wav,BOALUN_F_470
55.19784355163574,60.19784355163574,BOALUN_F,INCT41_20201231_200000.wav,BOALUN_F_471
48.10074996948242,53.10074996948242,BOALUN_F,INCT41_20201112_190000.wav,BOALUN_F_472
55.91227722167969,60.91227722167969,BOALUN_F,INCT41_20201112_190000.wav,BOALUN_F_473
47.40402793884277,52.40402793884277,BOALUN_F,INCT41_20201220_213000.wav,BOALUN_F_474
11.003373622894287,16.003373622894287,BOALUN_F,INCT41_20201218_190000.wav,BOALUN_F_475
15.738706588745117,20.738706588745117,BOALUN_F,INCT41_20201218_190000.wav,BOALUN_F_476
21.412839889526367,26.412839889526367,BOALUN_F,INCT41_20201218_190000.wav,BOALUN_F_477
28.74610996246338,33.74610996246338,BOALUN_F,INCT41_20201218_190000.wav,BOALUN_F_478
35.73692512512207,40.73692512512207,BOALUN_F,INCT41_20201218_190000.wav,BOALUN_F_479
37.88022422790527,42.88022422790527,BOALUN_F,INCT41_20201218_190000.wav,BOALUN_F_480
41.487815856933594,46.487815856933594,BOALUN_F,INCT41_20201218_190000.wav,BOALUN_F_481
43.778724670410156,48.778724670410156,BOALUN_F,INCT41_20201218_190000.wav,BOALUN_F_482
51.02342987060547,56.02342987060547,BOALUN_F,INCT41_20201218_190000.wav,BOALUN_F_483
55.191938400268555,60.191938400268555,BOALUN_F,INCT41_20201218_190000.wav,BOALUN_F_484
2.0818179845809937,7.081817984580994,BOALUN_F,INCT41_20201218_220000.wav,BOALUN_F_497
12.780599117279053,17.780599117279053,BOALUN_F,INCT41_20201218_220000.wav,BOALUN_F_498
21.312464714050293,26.312464714050293,BOALUN_F,INCT41_20201218_220000.wav,BOALUN_F_499
56.54995346069336,61.54995346069336,BOALUN_F,INCT41_20201218_220000.wav,BOALUN_F_500
2.6132149696350098,7.61321496963501,BOALUN_F,INCT41_20201015_213000.wav,BOALUN_F_501
8.925023078918457,13.925023078918457,BOALUN_F,INCT41_20201015_213000.wav,BOALUN_F_502
33.93608283996582,38.93608283996582,BOALUN_F,INCT41_20201015_213000.wav,BOALUN_F_503
38.68912887573242,43.68912887573242,BOALUN_F,INCT41_20201015_213000.wav,BOALUN_F_504
3.8767571449279785,8.876757144927979,BOALUN_F,INCT41_20201220_043000.wav,BOALUN_F_517
-0.04376751184463501,4.956232488155365,BOALUN_F,INCT41_20201228_204500.wav,BOALUN_F_518
3.664199113845825,8.664199113845825,BOALUN_F,INCT41_20201228_204500.wav,BOALUN_F_519
7.082849025726318,12.082849025726318,BOALUN_F,INCT41_20201228_204500.wav,BOALUN_F_520
10.076382160186768,15.076382160186768,BOALUN_F,INCT41_20201228_204500.wav,BOALUN_F_521
13.648546695709229,18.64854669570923,BOALUN_F,INCT41_20201228_204500.wav,BOALUN_F_522
16.588940620422363,21.588940620422363,BOALUN_F,INCT41_20201228_204500.wav,BOALUN_F_523
19.706466674804688,24.706466674804688,BOALUN_F,INCT41_20201228_204500.wav,BOALUN_F_524
23.579755783081055,28.579755783081055,BOALUN_F,INCT41_20201228_204500.wav,BOALUN_F_525
26.91574478149414,31.91574478149414,BOALUN_F,INCT41_20201228_204500.wav,BOALUN_F_526
30.60599708557129,35.60599708557129,BOALUN_F,INCT41_20201228_204500.wav,BOALUN_F_527
34.532426834106445,39.532426834106445,BOALUN_F,INCT41_20201228_204500.wav,BOALUN_F_528
39.05520057678223,44.05520057678223,BOALUN_F,INCT41_20201228_204500.wav,BOALUN_F_529
42.67460060119629,47.67460060119629,BOALUN_F,INCT41_20201228_204500.wav,BOALUN_F_530
45.650421142578125,50.650421142578125,BOALUN_F,INCT41_20201228_204500.wav,BOALUN_F_531
51.90909004211426,56.90909004211426,BOALUN_F,INCT41_20201228_204500.wav,BOALUN_F_532
56.66804122924805,61.66804122924805,BOALUN_F,INCT41_20201228_204500.wav,BOALUN_F_533
5.766167163848877,10.766167163848877,BOALUN_F,INCT41_20201114_223000.wav,BOALUN_F_535
8.824648380279541,13.824648380279541,BOALUN_F,INCT41_20201114_223000.wav,BOALUN_F_536
11.67057180404663,16.67057180404663,BOALUN_F,INCT41_20201114_223000.wav,BOALUN_F_537
35.70149803161621,40.70149803161621,BOALUN_F,INCT41_20201114_223000.wav,BOALUN_F_538
40.188846588134766,45.188846588134766,BOALUN_F,INCT41_20201114_223000.wav,BOALUN_F_539
-0.917619526386261,4.082380473613739,BOALUN_F,INCT41_20201121_194500.wav,BOALUN_F_542
2.3475160598754883,7.347516059875488,BOALUN_F,INCT41_20201121_194500.wav,BOALUN_F_543
5.718931436538696,10.718931436538696,BOALUN_F,INCT41_20201121_194500.wav,BOALUN_F_544
8.110215187072754,13.110215187072754,BOALUN_F,INCT41_20201121_194500.wav,BOALUN_F_545
10.206279754638672,15.206279754638672,BOALUN_F,INCT41_20201121_194500.wav,BOALUN_F_546
21.330177307128906,26.330177307128906,BOALUN_F,INCT41_20201121_194500.wav,BOALUN_F_548
24.914151191711426,29.914151191711426,BOALUN_F,INCT41_20201121_194500.wav,BOALUN_F_549
37.55548286437988,42.55548286437988,BOALUN_F,INCT41_20201121_194500.wav,BOALUN_F_551
41.847984313964844,46.847984313964844,BOALUN_F,INCT41_20201121_194500.wav,BOALUN_F_552
44.41049766540527,49.41049766540527,BOALUN_F,INCT41_20201121_194500.wav,BOALUN_F_553
47.144235610961914,52.144235610961914,BOALUN_F,INCT41_20201121_194500.wav,BOALUN_F_554
50.816776275634766,55.816776275634766,BOALUN_F,INCT41_20201121_194500.wav,BOALUN_F_555
56.13664436340332,61.13664436340332,BOALUN_F,INCT41_20201121_194500.wav,BOALUN_F_556
-1.9449859857559204,3.0550140142440796,BOALUN_F,INCT41_20201121_204500.wav,BOALUN_F_557
2.146766424179077,7.146766424179077,BOALUN_F,INCT41_20201121_204500.wav,BOALUN_F_558
4.597094297409058,9.597094297409058,BOALUN_F,INCT41_20201121_204500.wav,BOALUN_F_559
7.85042142868042,12.85042142868042,BOALUN_F,INCT41_20201121_204500.wav,BOALUN_F_560
11.221837043762207,16.221837043762207,BOALUN_F,INCT41_20201121_204500.wav,BOALUN_F_561
13.837488651275635,18.837488651275635,BOALUN_F,INCT41_20201121_204500.wav,BOALUN_F_562
15.868603706359863,20.868603706359863,BOALUN_F,INCT41_20201121_204500.wav,BOALUN_F_563
18.236268997192383,23.236268997192383,BOALUN_F,INCT41_20201121_204500.wav,BOALUN_F_564
20.615744590759277,25.615744590759277,BOALUN_F,INCT41_20201121_204500.wav,BOALUN_F_565
23.408528327941895,28.408528327941895,BOALUN_F,INCT41_20201121_204500.wav,BOALUN_F_566
25.658106803894043,30.658106803894043,BOALUN_F,INCT41_20201121_204500.wav,BOALUN_F_567
29.1121826171875,34.1121826171875,BOALUN_F,INCT41_20201121_204500.wav,BOALUN_F_568
32.83195877075195,37.83195877075195,BOALUN_F,INCT41_20201121_204500.wav,BOALUN_F_569
35.754638671875,40.754638671875,BOALUN_F,INCT41_20201121_204500.wav,BOALUN_F_570
38.39981269836426,43.39981269836426,BOALUN_F,INCT41_20201121_204500.wav,BOALUN_F_571
40.90328025817871,45.90328025817871,BOALUN_F,INCT41_20201121_204500.wav,BOALUN_F_572
43.56026268005371,48.56026268005371,BOALUN_F,INCT41_20201121_204500.wav,BOALUN_F_573
45.23711395263672,50.23711395263672,BOALUN_F,INCT41_20201121_204500.wav,BOALUN_F_574
48.19521903991699,53.19521903991699,BOALUN_F,INCT41_20201121_204500.wav,BOALUN_F_575
51.93861198425293,56.93861198425293,BOALUN_F,INCT41_20201121_204500.wav,BOALUN_F_576
55.81190299987793,60.81190299987793,BOALUN_F,INCT41_20201121_204500.wav,BOALUN_F_577
-1.0475159883499146,3.9524840116500854,BOALUN_F,INCT41_20201028_194500.wav,BOALUN_F_578
3.1859419345855713,8.185941934585571,BOALUN_F,INCT41_20201028_194500.wav,BOALUN_F_579
6.3093719482421875,11.309371948242188,BOALUN_F,INCT41_20201028_194500.wav,BOALUN_F_580
20.13748836517334,25.13748836517334,BOALUN_F,INCT41_20201028_194500.wav,BOALUN_F_582
23.296344757080078,28.296344757080078,BOALUN_F,INCT41_20201028_194500.wav,BOALUN_F_583
28.309184074401855,33.309184074401855,BOALUN_F,INCT41_20201028_194500.wav,BOALUN_F_584
31.98172378540039,36.98172378540039,BOALUN_F,INCT41_20201028_194500.wav,BOALUN_F_585
34.24901580810547,39.24901580810547,BOALUN_F,INCT41_20201028_194500.wav,BOALUN_F_586
36.291940689086914,41.291940689086914,BOALUN_F,INCT41_20201028_194500.wav,BOALUN_F_587
39.41536903381348,44.41536903381348,BOALUN_F,INCT41_20201028_194500.wav,BOALUN_F_588
43.02296257019043,48.02296257019043,BOALUN_F,INCT41_20201028_194500.wav,BOALUN_F_589
45.30796432495117,50.30796432495117,BOALUN_F,INCT41_20201028_194500.wav,BOALUN_F_590
48.82699203491211,53.82699203491211,BOALUN_F,INCT41_20201028_194500.wav,BOALUN_F_591
54.33580207824707,59.33580207824707,BOALUN_F,INCT41_20201028_194500.wav,BOALUN_F_592
-1.1419864892959595,3.8580135107040405,BOALUN_F,INCT41_20201213_213000.wav,BOALUN_F_593
2.5777883529663086,7.577788352966309,BOALUN_F,INCT41_20201213_213000.wav,BOALUN_F_594
7.0533270835876465,12.053327083587646,BOALUN_F,INCT41_20201213_213000.wav,BOALUN_F_595
11.812276840209961,16.81227684020996,BOALUN_F,INCT41_20201213_213000.wav,BOALUN_F_596
16.42952251434326,21.42952251434326,BOALUN_F,INCT41_20201213_213000.wav,BOALUN_F_597
23.030646324157715,28.030646324157715,BOALUN_F,INCT41_20201213_213000.wav,BOALUN_F_598
29.78528594970703,34.78528594970703,BOALUN_F,INCT41_20201213_213000.wav,BOALUN_F_599
35.11105918884277,40.11105918884277,BOALUN_F,INCT41_20201213_213000.wav,BOALUN_F_600
38.6182746887207,43.6182746887207,BOALUN_F,INCT41_20201213_213000.wav,BOALUN_F_601
45.420148849487305,50.420148849487305,BOALUN_F,INCT41_20201213_213000.wav,BOALUN_F_602
53.11949348449707,58.11949348449707,BOALUN_F,INCT41_20201213_213000.wav,BOALUN_F_603
9.533176898956299,14.533176898956299,BOALUN_F,INCT41_20201107_183000.wav,BOALUN_F_604
12.131114959716797,17.131114959716797,BOALUN_F,INCT41_20201107_183000.wav,BOALUN_F_605
14.917993545532227,19.917993545532227,BOALUN_F,INCT41_20201107_183000.wav,BOALUN_F_606
17.752108573913574,22.752108573913574,BOALUN_F,INCT41_20201107_183000.wav,BOALUN_F_607
21.566353797912598,26.566353797912598,BOALUN_F,INCT41_20201107_183000.wav,BOALUN_F_608
26.018275260925293,31.018275260925293,BOALUN_F,INCT41_20201107_183000.wav,BOALUN_F_609
29.01771354675293,34.01771354675293,BOALUN_F,INCT41_20201107_183000.wav,BOALUN_F_610
31.863636016845703,36.8636360168457,BOALUN_F,INCT41_20201107_183000.wav,BOALUN_F_611
34.85126495361328,39.85126495361328,BOALUN_F,INCT41_20201107_183000.wav,BOALUN_F_612
37.79165840148926,42.79165840148926,BOALUN_F,INCT41_20201107_183000.wav,BOALUN_F_613
40.011714935302734,45.011714935302734,BOALUN_F,INCT41_20201107_183000.wav,BOALUN_F_614
43.03477096557617,48.03477096557617,BOALUN_F,INCT41_20201107_183000.wav,BOALUN_F_615
46.08144187927246,51.08144187927246,BOALUN_F,INCT41_20201107_183000.wav,BOALUN_F_616
49.44695281982422,54.44695281982422,BOALUN_F,INCT41_20201107_183000.wav,BOALUN_F_617
52.458200454711914,57.458200454711914,BOALUN_F,INCT41_20201107_183000.wav,BOALUN_F_618
55.115182876586914,60.115182876586914,BOALUN_F,INCT41_20201107_183000.wav,BOALUN_F_619
3.2626988887786865,8.262698888778687,BOALUN_M,INCT41_20200126_190000.wav,BOALUN_M_620
5.822258710861206,10.822258710861206,BOALUN_M,INCT41_20200126_190000.wav,BOALUN_M_621
8.762524127960205,13.762524127960205,BOALUN_M,INCT41_20200126_190000.wav,BOALUN_M_622
11.91560411453247,16.91560411453247,BOALUN_M,INCT41_20200126_190000.wav,BOALUN_M_623
15.154169082641602,20.1541690826416,BOALUN_M,INCT41_20200126_190000.wav,BOALUN_M_624
18.075054168701172,23.075054168701172,BOALUN_M,INCT41_20200126_190000.wav,BOALUN_M_625
22.23054027557373,27.23054027557373,BOALUN_M,INCT41_20200126_190000.wav,BOALUN_M_626
25.28629207611084,30.28629207611084,BOALUN_M,INCT41_20200126_190000.wav,BOALUN_M_627
27.956740379333496,32.956740379333496,BOALUN_M,INCT41_20200126_190000.wav,BOALUN_M_628
30.79020118713379,35.79020118713379,BOALUN_M,INCT41_20200126_190000.wav,BOALUN_M_629
33.321346282958984,38.321346282958984,BOALUN_M,INCT41_20200126_190000.wav,BOALUN_M_630
35.92066192626953,40.92066192626953,BOALUN_M,INCT41_20200126_190000.wav,BOALUN_M_631
39.459524154663086,44.459524154663086,BOALUN_M,INCT41_20200126_190000.wav,BOALUN_M_632
43.457786560058594,48.457786560058594,BOALUN_M,INCT41_20200126_190000.wav,BOALUN_M_633
46.7891788482666,51.7891788482666,BOALUN_M,INCT41_20200126_190000.wav,BOALUN_M_634
49.874568939208984,54.874568939208984,BOALUN_M,INCT41_20200126_190000.wav,BOALUN_M_635
-1.8623244762420654,3.1376755237579346,BOALUN_F,INCT41_20210106_003000.wav,BOALUN_F_648
2.6014060974121094,7.601406097412109,BOALUN_F,INCT41_20210106_003000.wav,BOALUN_F_649
7.395782470703125,12.395782470703125,BOALUN_F,INCT41_20210106_003000.wav,BOALUN_F_650
10.442455291748047,15.442455291748047,BOALUN_F,INCT41_20210106_003000.wav,BOALUN_F_651
13.914245128631592,18.914245128631592,BOALUN_F,INCT41_20210106_003000.wav,BOALUN_F_652
18.165416717529297,23.165416717529297,BOALUN_F,INCT41_20210106_003000.wav,BOALUN_F_653
21.212090492248535,26.212090492248535,BOALUN_F,INCT41_20210106_003000.wav,BOALUN_F_654
25.675819396972656,30.675819396972656,BOALUN_F,INCT41_20210106_003000.wav,BOALUN_F_655
29.974225997924805,34.974225997924805,BOALUN_F,INCT41_20210106_003000.wav,BOALUN_F_656
35.453514099121094,40.453514099121094,BOALUN_F,INCT41_20210106_003000.wav,BOALUN_F_657
38.972537994384766,43.972537994384766,BOALUN_F,INCT41_20210106_003000.wav,BOALUN_F_658
42.090065002441406,47.090065002441406,BOALUN_F,INCT41_20210106_003000.wav,BOALUN_F_659
45.798030853271484,50.798030853271484,BOALUN_F,INCT41_20210106_003000.wav,BOALUN_F_660
48.96279335021973,53.96279335021973,BOALUN_F,INCT41_20210106_003000.wav,BOALUN_F_661
51.749671936035156,56.749671936035156,BOALUN_F,INCT41_20210106_003000.wav,BOALUN_F_662
55.48125457763672,60.48125457763672,BOALUN_F,INCT41_20210106_003000.wav,BOALUN_F_663
0.5702905654907227,5.570290565490723,BOALUN_F,INCT41_20201112_210000.wav,BOALUN_F_664
4.986785173416138,9.986785173416138,BOALUN_F,INCT41_20201112_210000.wav,BOALUN_F_665
7.89175271987915,12.89175271987915,BOALUN_F,INCT41_20201112_210000.wav,BOALUN_F_666
10.607778549194336,15.607778549194336,BOALUN_F,INCT41_20201112_210000.wav,BOALUN_F_667
14.067760467529297,19.067760467529297,BOALUN_F,INCT41_20201112_210000.wav,BOALUN_F_668
15.921743392944336,20.921743392944336,BOALUN_F,INCT41_20201112_210000.wav,BOALUN_F_669
17.64582920074463,22.64582920074463,BOALUN_F,INCT41_20201112_210000.wav,BOALUN_F_670
20.07253932952881,25.07253932952881,BOALUN_F,INCT41_20201112_210000.wav,BOALUN_F_671
26.632333755493164,31.632333755493164,BOALUN_F,INCT41_20201112_210000.wav,BOALUN_F_672
31.048830032348633,36.04883003234863,BOALUN_F,INCT41_20201112_210000.wav,BOALUN_F_673
34.012840270996094,39.012840270996094,BOALUN_F,INCT41_20201112_210000.wav,BOALUN_F_674
36.94732856750488,41.94732856750488,BOALUN_F,INCT41_20201112_210000.wav,BOALUN_F_675
40.011714935302734,45.011714935302734,BOALUN_F,INCT41_20201112_210000.wav,BOALUN_F_676
43.35951232910156,48.35951232910156,BOALUN_F,INCT41_20201112_210000.wav,BOALUN_F_677
47.59296989440918,52.59296989440918,BOALUN_F,INCT41_20201112_210000.wav,BOALUN_F_678
53.60955810546875,58.60955810546875,BOALUN_F,INCT41_20201112_210000.wav,BOALUN_F_679
6.72858452796936,11.72858452796936,BOALUN_F,INCT41_20201020_190000.wav,BOALUN_F_681
24.370945930480957,29.370945930480957,BOALUN_F,INCT41_20201020_190000.wav,BOALUN_F_683
28.59259605407715,33.59259605407715,BOALUN_F,INCT41_20201020_190000.wav,BOALUN_F_684
31.863636016845703,36.8636360168457,BOALUN_F,INCT41_20201020_190000.wav,BOALUN_F_685
34.337581634521484,39.337581634521484,BOALUN_F,INCT41_20201020_190000.wav,BOALUN_F_686
36.41002655029297,41.41002655029297,BOALUN_F,INCT41_20201020_190000.wav,BOALUN_F_687
40.60806083679199,45.60806083679199,BOALUN_F,INCT41_20201020_190000.wav,BOALUN_F_688
48.00037384033203,53.00037384033203,BOALUN_F,INCT41_20201020_190000.wav,BOALUN_F_689
50.67506980895996,55.67506980895996,BOALUN_F,INCT41_20201020_190000.wav,BOALUN_F_690
53.09587478637695,58.09587478637695,BOALUN_F,INCT41_20201020_190000.wav,BOALUN_F_691
-1.7796624824404716,3.2203375175595284,BOALUN_F,INCT41_20210105_223000.wav,BOALUN_F_692
2.335707664489746,7.335707664489746,BOALUN_F,INCT41_20210105_223000.wav,BOALUN_F_693
10.702249526977539,15.702249526977539,BOALUN_F,INCT41_20210105_223000.wav,BOALUN_F_694
13.52455472946167,18.52455472946167,BOALUN_F,INCT41_20210105_223000.wav,BOALUN_F_695
18.43111515045166,23.43111515045166,BOALUN_F,INCT41_20210105_223000.wav,BOALUN_F_696
20.975914001464844,25.975914001464844,BOALUN_F,INCT41_20210105_223000.wav,BOALUN_F_697
25.41012191772461,30.41012191772461,BOALUN_F,INCT41_20210105_223000.wav,BOALUN_F_698
33.63495635986328,38.63495635986328,BOALUN_F,INCT41_20210105_223000.wav,BOALUN_F_699
38.28763008117676,43.28763008117676,BOALUN_F,INCT41_20210105_223000.wav,BOALUN_F_700
42.34395408630371,47.34395408630371,BOALUN_F,INCT41_20210105_223000.wav,BOALUN_F_701
45.99878120422363,50.99878120422363,BOALUN_F,INCT41_20210105_223000.wav,BOALUN_F_702
49.71855545043945,54.71855545043945,BOALUN_F,INCT41_20210105_223000.wav,BOALUN_F_703
53.296627044677734,58.296627044677734,BOALUN_F,INCT41_20210105_223000.wav,BOALUN_F_704
56.11893081665039,61.11893081665039,BOALUN_F,INCT41_20210105_223000.wav,BOALUN_F_705
0.4108715057373047,5.410871505737305,BOALUN_F,INCT41_20210111_210000.wav,BOALUN_F_706
4.904123306274414,9.904123306274414,BOALUN_F,INCT41_20210111_210000.wav,BOALUN_F_707
8.116119861602783,13.116119861602783,BOALUN_F,INCT41_20210111_210000.wav,BOALUN_F_708
11.198218822479248,16.198218822479248,BOALUN_F,INCT41_20210111_210000.wav,BOALUN_F_709
14.457450866699219,19.45745086669922,BOALUN_F,INCT41_20210111_210000.wav,BOALUN_F_710
17.917431831359863,22.917431831359863,BOALUN_F,INCT41_20210111_210000.wav,BOALUN_F_711
21.170759201049805,26.170759201049805,BOALUN_F,INCT41_20210111_210000.wav,BOALUN_F_712
24.424086570739746,29.424086570739746,BOALUN_F,INCT41_20210111_210000.wav,BOALUN_F_713
27.075162887573242,32.07516288757324,BOALUN_F,INCT41_20210111_210000.wav,BOALUN_F_714
30.151357650756836,35.151357650756836,BOALUN_F,INCT41_20210111_210000.wav,BOALUN_F_715
33.38106918334961,38.38106918334961,BOALUN_F,INCT41_20210111_210000.wav,BOALUN_F_716
35.88453483581543,40.88453483581543,BOALUN_F,INCT41_20210111_210000.wav,BOALUN_F_717
38.647796630859375,43.647796630859375,BOALUN_F,INCT41_20210111_210000.wav,BOALUN_F_718
41.34611129760742,46.34611129760742,BOALUN_F,INCT41_20210111_210000.wav,BOALUN_F_719
44.67619323730469,49.67619323730469,BOALUN_F,INCT41_20210111_210000.wav,BOALUN_F_720
47.734676361083984,52.734676361083984,BOALUN_F,INCT41_20210111_210000.wav,BOALUN_F_721
50.86401176452637,55.86401176452637,BOALUN_F,INCT41_20210111_210000.wav,BOALUN_F_722
53.95791816711426,58.95791816711426,BOALUN_F,INCT41_20210111_210000.wav,BOALUN_F_723
57.128583908081055,62.128583908081055,BOALUN_F,INCT41_20210111_210000.wav,BOALUN_F_724
-1.496251530945301,3.503748469054699,BOALUN_M,INCT41_20201105_201500.wav,BOALUN_M_725
3.4811620712280273,8.481162071228027,BOALUN_M,INCT41_20201105_201500.wav,BOALUN_M_726
5.98462986946106,10.98462986946106,BOALUN_M,INCT41_20201105_201500.wav,BOALUN_M_727
9.15529489517212,14.15529489517212,BOALUN_M,INCT41_20201105_201500.wav,BOALUN_M_728
11.912652492523193,16.912652492523193,BOALUN_M,INCT41_20201105_201500.wav,BOALUN_M_729
14.185847282409668,19.185847282409668,BOALUN_M,INCT41_20201105_201500.wav,BOALUN_M_730
16.90187358856201,21.90187358856201,BOALUN_M,INCT41_20201105_201500.wav,BOALUN_M_731
19.21049690246582,24.21049690246582,BOALUN_M,INCT41_20201105_201500.wav,BOALUN_M_732
21.920618057250977,26.920618057250977,BOALUN_M,INCT41_20201105_201500.wav,BOALUN_M_733
23.916306495666504,28.916306495666504,BOALUN_M,INCT41_20201105_201500.wav,BOALUN_M_734
27.429428100585938,32.42942810058594,BOALUN_M,INCT41_20201105_201500.wav,BOALUN_M_735
30.61780548095703,35.61780548095703,BOALUN_M,INCT41_20201105_201500.wav,BOALUN_M_736
32.3300838470459,37.3300838470459,BOALUN_M,INCT41_20201105_201500.wav,BOALUN_M_737
34.762699127197266,39.762699127197266,BOALUN_M,INCT41_20201105_201500.wav,BOALUN_M_738
37.502342224121094,42.502342224121094,BOALUN_M,INCT41_20201105_201500.wav,BOALUN_M_739
39.92905235290527,44.92905235290527,BOALUN_M,INCT41_20201105_201500.wav,BOALUN_M_740
42.698219299316406,47.698219299316406,BOALUN_M,INCT41_20201105_201500.wav,BOALUN_M_741
45.10721778869629,50.10721778869629,BOALUN_M,INCT41_20201105_201500.wav,BOALUN_M_742
47.356794357299805,52.356794357299805,BOALUN_M,INCT41_20201105_201500.wav,BOALUN_M_743
50.15548324584961,55.15548324584961,BOALUN_M,INCT41_20201105_201500.wav,BOALUN_M_744
53.30253028869629,58.30253028869629,BOALUN_M,INCT41_20201105_201500.wav,BOALUN_M_745
56.030364990234375,61.030364990234375,BOALUN_M,INCT41_20201105_201500.wav,BOALUN_M_746
5.480856418609619,10.48085641860962,BOALUN_F,INCT41_20201016_023000.wav,BOALUN_F_747
19.307676315307617,24.307676315307617,BOALUN_F,INCT41_20201016_023000.wav,BOALUN_F_748
38.59465789794922,43.59465789794922,BOALUN_F,INCT41_20201228_054500.wav,BOALUN_F_749
51.696533203125,56.696533203125,BOALUN_F,INCT41_20201022_203000.wav,BOALUN_F_750
55.53439521789551,60.53439521789551,BOALUN_F,INCT41_20201022_203000.wav,BOALUN_F_751
-0.3389880061149597,4.66101199388504,BOALUN_F,INCT41_20201105_211500.wav,BOALUN_F_752
3.109184503555298,8.109184503555298,BOALUN_F,INCT41_20201105_211500.wav,BOALUN_F_753
5.931489944458008,10.931489944458008,BOALUN_F,INCT41_20201105_211500.wav,BOALUN_F_754
10.070477485656738,15.070477485656738,BOALUN_F,INCT41_20201105_211500.wav,BOALUN_F_755
12.969541072845459,17.96954107284546,BOALUN_F,INCT41_20201105_211500.wav,BOALUN_F_756
16.340954780578613,21.340954780578613,BOALUN_F,INCT41_20201105_211500.wav,BOALUN_F_757
20.822399139404297,25.822399139404297,BOALUN_F,INCT41_20201105_211500.wav,BOALUN_F_758
24.376851081848145,29.376851081848145,BOALUN_F,INCT41_20201105_211500.wav,BOALUN_F_759
28.940957069396973,33.94095706939697,BOALUN_F,INCT41_20201105_211500.wav,BOALUN_F_760
41.062700271606445,46.062700271606445,BOALUN_F,INCT41_20201105_211500.wav,BOALUN_F_761
43.6783504486084,48.6783504486084,BOALUN_F,INCT41_20201105_211500.wav,BOALUN_F_762
-1.7412490248680115,3.2587509751319885,BOALUN_F,INCT41_20201124_220000.wav,BOALUN_F_775
2.265904426574707,7.265904426574707,BOALUN_F,INCT41_20201124_220000.wav,BOALUN_F_776
-2.246110498905182,2.753889501094818,BOALUN_F,INCT41_20201213_223000.wav,BOALUN_F_785
2.7372069358825684,7.737206935882568,BOALUN_F,INCT41_20201213_223000.wav,BOALUN_F_786
9.497750759124756,14.497750759124756,BOALUN_F,INCT41_20201213_223000.wav,BOALUN_F_787
15.213213920593262,20.21321392059326,BOALUN_F,INCT41_20201213_223000.wav,BOALUN_F_788
20.2614803314209,25.2614803314209,BOALUN_F,INCT41_20201213_223000.wav,BOALUN_F_789
25.0145263671875,30.0145263671875,BOALUN_F,INCT41_20201213_223000.wav,BOALUN_F_790
33.48144340515137,38.48144340515137,BOALUN_F,INCT41_20201213_223000.wav,BOALUN_F_791
40.13570785522461,45.13570785522461,BOALUN_F,INCT41_20201213_223000.wav,BOALUN_F_792
43.77872276306152,48.77872276306152,BOALUN_F,INCT41_20201213_223000.wav,BOALUN_F_793
47.894094467163086,52.894094467163086,BOALUN_F,INCT41_20201213_223000.wav,BOALUN_F_794
54.38303565979004,59.38303565979004,BOALUN_F,INCT41_20201213_223000.wav,BOALUN_F_795
-1.0061860084533691,3.993813991546631,BOALUN_F,INCT41_20210103_213000.wav,BOALUN_F_796
2.95566987991333,7.95566987991333,BOALUN_F,INCT41_20210103_213000.wav,BOALUN_F_797
8.62980318069458,13.62980318069458,BOALUN_F,INCT41_20210103_213000.wav,BOALUN_F_798
12.060262203216553,17.060262203216553,BOALUN_F,INCT41_20210103_213000.wav,BOALUN_F_799
18.017807006835938,23.017807006835938,BOALUN_F,INCT41_20210103_213000.wav,BOALUN_F_800
22.97750759124756,27.97750759124756,BOALUN_F,INCT41_20210103_213000.wav,BOALUN_F_801
25.35107707977295,30.35107707977295,BOALUN_F,INCT41_20210103_213000.wav,BOALUN_F_802
30.358013153076172,35.35801315307617,BOALUN_F,INCT41_20210103_213000.wav,BOALUN_F_803
35.057918548583984,40.057918548583984,BOALUN_F,INCT41_20210103_213000.wav,BOALUN_F_804
40.47225761413574,45.47225761413574,BOALUN_F,INCT41_20210103_213000.wav,BOALUN_F_805
43.784629821777344,48.784629821777344,BOALUN_F,INCT41_20210103_213000.wav,BOALUN_F_806
48.66166877746582,53.66166877746582,BOALUN_F,INCT41_20210103_213000.wav,BOALUN_F_807
53.63317680358887,58.63317680358887,BOALUN_F,INCT41_20210103_213000.wav,BOALUN_F_808
-0.6505445241928101,4.34945547580719,BOALUN_M,INCT41_20201121_224500.wav,BOALUN_M_809
13.813147068023682,18.81314706802368,BOALUN_M,INCT41_20201121_224500.wav,BOALUN_M_812
