label,min_t,max_t,fname,fname_trim
BOAALB_F,2.58959698677063,7.58959698677063,INCT41_20200213_193000.wav,BOAALB_F_000
BOAALB_F,18.02961540222168,23.02961540222168,INCT41_20200213_193000.wav,BOAALB_F_001
BOAALB_F,33.24526786804199,38.24526786804199,INCT41_20200213_193000.wav,BOAALB_F_002
BOAALB_F,40.24198532104492,45.24198532104492,INCT41_20200213_193000.wav,BOAALB_F_003
BOAALB_F,48.71480751037598,53.71480751037598,INCT41_20200213_193000.wav,BOAALB_F_004
BOAALB_F,-1.460824966430664,3.539175033569336,INCT41_20201228_234500.wav,BOAALB_F_005
BOAALB_F,2.6604501008987427,7.660450100898743,INCT41_20201228_234500.wav,BOAALB_F_006
BOAALB_F,14.575538635253906,19.575538635253906,INCT41_20201213_003000.wav,BOAALB_F_017
BOAALB_F,36.75248336791992,41.75248336791992,INCT41_20201213_003000.wav,BOAALB_F_018
BOAALB_F,7.206841468811035,12.206841468811035,INCT41_20210106_013000.wav,BOAALB_F_019
BOAALB_F,17.551358222961426,22.551358222961426,INCT41_20210106_013000.wav,BOAALB_F_020
BOAALB_F,34.08369255065918,39.08369255065918,INCT41_20210106_013000.wav,BOAALB_F_021
BOAALB_F,51.46626091003418,56.46626091003418,INCT41_20210106_013000.wav,BOAALB_F_022
BOAALB_M,8.61208963394165,13.61208963394165,INCT41_20200218_183000.wav,BOAALB_M_035
BOAALB_M,12.432239532470703,17.432239532470703,INCT41_20200218_183000.wav,BOAALB_M_036
BOAALB_M,17.391940116882324,22.391940116882324,INCT41_20200218_183000.wav,BOAALB_M_037
BOAALB_M,22.316213607788086,27.316213607788086,INCT41_20200218_183000.wav,BOAALB_M_038
BOAALB_F,-0.6696344614028931,4.330365538597107,INCT41_20201031_230000.wav,BOAALB_F_039
BOAALB_F,5.423711538314819,10.42371153831482,INCT41_20201031_230000.wav,BOAALB_F_040
BOAALB_F,16.15791893005371,21.15791893005371,INCT41_20201031_230000.wav,BOAALB_F_041
BOAALB_F,15.21321439743042,20.21321439743042,INCT41_20201106_011500.wav,BOAALB_F_042
BOAALB_F,53.73355293273926,58.73355293273926,INCT41_20201106_011500.wav,BOAALB_F_043
BOAALB_F,1.1134960651397705,6.1134960651397705,INCT41_20201211_041500.wav,BOAALB_F_044
BOAALB_F,6.356607437133789,11.356607437133789,INCT41_20200213_223000.wav,BOAALB_F_045
BOAALB_F,27.71284008026123,32.71284008026123,INCT41_20200213_223000.wav,BOAALB_F_046
BOAALB_F,37.68537902832031,42.68537902832031,INCT41_20200213_223000.wav,BOAALB_F_047
BOAALB_F,-2.0985004901885986,2.9014995098114014,INCT41_20210106_023000.wav,BOAALB_F_048
BOAALB_F,10.347984313964844,15.347984313964844,INCT41_20210106_023000.wav,BOAALB_F_049
BOAALB_F,15.024273872375488,20.02427387237549,INCT41_20210106_023000.wav,BOAALB_F_050
BOAALB_F,28.76972770690918,33.76972770690918,INCT41_20210106_023000.wav,BOAALB_F_051
BOAALB_F,42.51518249511719,47.51518249511719,INCT41_20210106_023000.wav,BOAALB_F_052
BOAALB_F,49.2462043762207,54.2462043762207,INCT41_20210106_023000.wav,BOAALB_F_053
BOAALB_F,52.71799278259277,57.71799278259277,INCT41_20210106_023000.wav,BOAALB_F_054
BOAALB_F,5.175725936889648,10.175725936889648,INCT41_20201211_201500.wav,BOAALB_F_055
BOAALB_F,6.852577209472656,11.852577209472656,INCT41_20201211_201500.wav,BOAALB_F_056
BOAALB_F,10.932521343231201,15.932521343231201,INCT41_20201211_201500.wav,BOAALB_F_057
BOAALB_F,14.292126655578613,19.292126655578613,INCT41_20201211_201500.wav,BOAALB_F_058
BOAALB_F,23.426240921020508,28.426240921020508,INCT41_20201211_201500.wav,BOAALB_F_059
BOAALB_F,33.8179931640625,38.8179931640625,INCT41_20201211_201500.wav,BOAALB_F_060
BOAALB_F,41.93655014038086,46.93655014038086,INCT41_20201211_201500.wav,BOAALB_F_061
BOAALB_F,50.81087112426758,55.81087112426758,INCT41_20201211_201500.wav,BOAALB_F_062
BOAALB_F,54.4184627532959,59.4184627532959,INCT41_20201211_201500.wav,BOAALB_F_063
BOAALB_F,4.963167428970337,9.963167428970337,INCT41_20210111_014500.wav,BOAALB_F_064
BOAALB_F,18.57872486114502,23.57872486114502,INCT41_20210111_014500.wav,BOAALB_F_065
BOAALB_F,29.12399196624756,34.12399196624756,INCT41_20210111_014500.wav,BOAALB_F_066
BOAALB_F,39.89362716674805,44.89362716674805,INCT41_20210111_014500.wav,BOAALB_F_067
BOAALB_F,53.391096115112305,58.391096115112305,INCT41_20210111_014500.wav,BOAALB_F_068
BOAALB_F,6.840768337249756,11.840768337249756,INCT41_20210113_023000.wav,BOAALB_F_069
BOAALB_F,14.622774124145508,19.622774124145508,INCT41_20210113_023000.wav,BOAALB_F_070
BOAALB_F,22.75904369354248,27.75904369354248,INCT41_20210113_023000.wav,BOAALB_F_071
BOAALB_F,41.13355255126953,46.13355255126953,INCT41_20210113_023000.wav,BOAALB_F_074
BOAALB_F,45.47919464111328,50.47919464111328,INCT41_20210113_023000.wav,BOAALB_F_075
BOAALB_F,-0.055576443672180176,4.94442355632782,INCT41_20201112_200000.wav,BOAALB_F_076
BOAALB_M,4.171977519989014,9.171977519989014,INCT41_20201112_200000.wav,BOAALB_M_077
BOAALB_F,11.729615211486816,16.729615211486816,INCT41_20201112_200000.wav,BOAALB_F_078
BOAALB_F,16.748360633850098,21.748360633850098,INCT41_20201112_200000.wav,BOAALB_F_079
BOAALB_F,24.44770336151123,29.44770336151123,INCT41_20201112_200000.wav,BOAALB_F_080
BOAALB_F,33.13898849487305,38.13898849487305,INCT41_20201112_200000.wav,BOAALB_F_081
BOAALB_F,38.80721473693848,43.80721473693848,INCT41_20201112_200000.wav,BOAALB_F_082
BOAALB_F,46.601030349731445,51.601030349731445,INCT41_20201112_200000.wav,BOAALB_F_083
BOAALB_M,7.838613033294678,12.838613033294678,INCT41_20201028_204500.wav,BOAALB_M_086
BOAALB_M,14.729052543640137,19.729052543640137,INCT41_20201028_204500.wav,BOAALB_M_087
BOAALB_M,27.346766471862793,32.34676647186279,INCT41_20201028_204500.wav,BOAALB_M_089
BOAALB_M,46.50655937194824,51.50655937194824,INCT41_20201028_204500.wav,BOAALB_M_092
BOAALB_F,49.39971733093262,54.39971733093262,INCT41_20201028_204500.wav,BOAALB_F_093
BOAALB_M,54.90852928161621,59.90852928161621,INCT41_20201028_204500.wav,BOAALB_M_094
BOAALB_F,9.485941410064697,14.485941410064697,INCT41_20201220_193000.wav,BOAALB_F_095
BOAALB_F,15.608809471130371,20.60880947113037,INCT41_20201220_193000.wav,BOAALB_F_096
BOAALB_F,-1.419493980705738,3.580506019294262,INCT41_20201218_200000.wav,BOAALB_F_097
BOAALB_M,5.0399250984191895,10.03992509841919,INCT41_20201218_200000.wav,BOAALB_M_098
BOAALB_F,13.040393352508545,18.040393352508545,INCT41_20201218_200000.wav,BOAALB_F_099
BOAALB_F,16.01030921936035,21.01030921936035,INCT41_20201218_200000.wav,BOAALB_F_100
BOAALB_M,20.533082962036133,25.533082962036133,INCT41_20201218_200000.wav,BOAALB_M_101
BOAALB_F,35.32952117919922,40.32952117919922,INCT41_20201218_200000.wav,BOAALB_F_104
BOAALB_F,38.93120765686035,43.93120765686035,INCT41_20201218_200000.wav,BOAALB_F_105
BOAALB_M,43.30637168884277,48.30637168884277,INCT41_20201218_200000.wav,BOAALB_M_106
BOAALB_M,50.23814392089844,55.23814392089844,INCT41_20201218_200000.wav,BOAALB_M_107
BOAALB_F,53.520992279052734,58.520992279052734,INCT41_20201218_200000.wav,BOAALB_F_108
BOAALB_F,-0.06738495826721191,4.932615041732788,INCT41_20201114_234500.wav,BOAALB_F_109
BOAALB_F,10.182661533355713,15.182661533355713,INCT41_20201114_234500.wav,BOAALB_F_110
BOAALB_F,17.291565895080566,22.291565895080566,INCT41_20201114_234500.wav,BOAALB_F_111
BOAALB_M,34.34348678588867,39.34348678588867,INCT41_20201114_234500.wav,BOAALB_M_115
BOAALB_F,3.050140619277954,8.050140619277954,INCT41_20210106_033000.wav,BOAALB_F_119
BOAALB_F,11.67057180404663,16.67057180404663,INCT41_20210106_033000.wav,BOAALB_F_120
BOAALB_F,22.652764320373535,27.652764320373535,INCT41_20210106_033000.wav,BOAALB_F_121
BOAALB_F,33.6113395690918,38.6113395690918,INCT41_20210106_033000.wav,BOAALB_F_122
BOAALB_F,45.56185340881348,50.56185340881348,INCT41_20210106_033000.wav,BOAALB_F_123
BOAALB_F,55.292314529418945,60.292314529418945,INCT41_20210106_033000.wav,BOAALB_F_124
BOAALB_F,24.542173385620117,29.542173385620117,INCT41_20201213_183000.wav,BOAALB_F_137
BOAALB_F,4.614807605743408,9.614807605743408,INCT41_20201028_224500.wav,BOAALB_F_138
BOAALB_F,16.518088340759277,21.518088340759277,INCT41_20201028_224500.wav,BOAALB_F_139
BOAALB_F,24.500843048095703,29.500843048095703,INCT41_20201028_224500.wav,BOAALB_F_140
BOAALB_F,31.208248138427734,36.208248138427734,INCT41_20201028_224500.wav,BOAALB_F_141
BOAALB_F,37.82708549499512,42.82708549499512,INCT41_20201028_224500.wav,BOAALB_F_142
BOAALB_F,50.982099533081055,55.982099533081055,INCT41_20201028_224500.wav,BOAALB_F_143
BOAALB_F,0.617525577545166,5.617525577545166,INCT41_20201228_184500.wav,BOAALB_F_144
BOAALB_F,8.954545497894287,13.954545497894287,INCT41_20201228_184500.wav,BOAALB_F_145
BOAALB_F,24.943674087524414,29.943674087524414,INCT41_20201228_184500.wav,BOAALB_F_146
BOAALB_F,45.6799430847168,50.6799430847168,INCT41_20201228_184500.wav,BOAALB_F_147
BOAALB_F,56.11893081665039,61.11893081665039,INCT41_20201228_184500.wav,BOAALB_F_148
BOAALB_F,13.471414566040039,18.47141456604004,INCT41_20201114_203000.wav,BOAALB_F_163
BOAALB_F,17.88790988922119,22.88790988922119,INCT41_20201114_203000.wav,BOAALB_F_164
BOAALB_F,24.69568920135498,29.69568920135498,INCT41_20201114_203000.wav,BOAALB_F_165
BOAALB_F,39.31499481201172,44.31499481201172,INCT41_20201114_203000.wav,BOAALB_F_167
BOAALB_F,43.890907287597656,48.890907287597656,INCT41_20201114_203000.wav,BOAALB_F_168
BOAALB_F,50.27947425842285,55.27947425842285,INCT41_20201114_203000.wav,BOAALB_F_169
BOAALB_F,56.36691665649414,61.36691665649414,INCT41_20201114_203000.wav,BOAALB_F_170
BOAALB_F,0.30459243059158325,5.304592430591583,INCT41_20201231_000000.wav,BOAALB_F_171
BOAALB_F,13.943766593933105,18.943766593933105,INCT41_20201231_000000.wav,BOAALB_F_173
BOAALB_F,24.742923736572266,29.742923736572266,INCT41_20201231_000000.wav,BOAALB_F_174
BOAALB_F,34.24901580810547,39.24901580810547,INCT41_20201231_000000.wav,BOAALB_F_175
BOAALB_F,36.28603553771973,41.28603553771973,INCT41_20201231_000000.wav,BOAALB_F_176
BOAALB_M,51.997657775878906,56.997657775878906,INCT41_20201231_000000.wav,BOAALB_M_179
BOAALB_M,6.362511157989502,11.362511157989502,INCT41_20200131_000000.wav,BOAALB_M_180
BOAALB_F,20.860325813293457,25.860325813293457,INCT41_20200131_000000.wav,BOAALB_F_181
BOAALB_M,53.77783393859863,58.77783393859863,INCT41_20200131_000000.wav,BOAALB_M_182
BOAALB_F,-1.9567949771881104,3.0432050228118896,INCT41_20201220_013000.wav,BOAALB_F_183
BOAALB_F,0.6234300136566162,5.623430013656616,INCT41_20201124_230000.wav,BOAALB_F_184
BOAALB_F,6.273945331573486,11.273945331573486,INCT41_20201124_230000.wav,BOAALB_F_185
BOAALB_F,11.434395790100098,16.434395790100098,INCT41_20201124_230000.wav,BOAALB_F_186
BOAALB_F,16.18153667449951,21.18153667449951,INCT41_20201124_230000.wav,BOAALB_F_187
BOAALB_F,21.5899715423584,26.5899715423584,INCT41_20201124_230000.wav,BOAALB_F_188
BOAALB_F,27.222774505615234,32.222774505615234,INCT41_20201124_230000.wav,BOAALB_F_189
BOAALB_F,33.758949279785156,38.758949279785156,INCT41_20201124_230000.wav,BOAALB_F_190
BOAALB_F,41.65904235839844,46.65904235839844,INCT41_20201124_230000.wav,BOAALB_F_191
BOAALB_F,46.943485260009766,51.943485260009766,INCT41_20201124_230000.wav,BOAALB_F_192
BOAALB_F,53.00730895996094,58.00730895996094,INCT41_20201124_230000.wav,BOAALB_F_193
BOAALB_F,-1.2907404899597168,3.709259510040283,INCT41_20201031_000000.wav,BOAALB_F_194
BOAALB_F,9.521461963653564,14.521461963653564,INCT41_20201031_000000.wav,BOAALB_F_195
BOAALB_F,16.326510429382324,21.326510429382324,INCT41_20201031_000000.wav,BOAALB_F_196
BOAALB_F,34.65509033203125,39.65509033203125,INCT41_20201031_000000.wav,BOAALB_F_197
BOAALB_F,41.38900375366211,46.38900375366211,INCT41_20201031_000000.wav,BOAALB_F_198
BOAALB_F,30.234020233154297,35.2340202331543,INCT41_20201218_230000.wav,BOAALB_F_199
BOAALB_F,52.90693473815918,57.90693473815918,INCT41_20201218_230000.wav,BOAALB_F_200
BOAALB_F,56.96916580200195,61.96916580200195,INCT41_20201218_230000.wav,BOAALB_F_201
BOAALB_F,57.22200584411621,62.22200584411621,INCT41_20200217_011500.wav,BOAALB_F_202
BOAALB_F,-1.3781629800796509,3.621837019920349,INCT41_20210103_231500.wav,BOAALB_F_203
BOAALB_F,6.132240295410156,11.132240295410156,INCT41_20210103_231500.wav,BOAALB_F_204
BOAALB_F,22.676382064819336,27.676382064819336,INCT41_20210103_231500.wav,BOAALB_F_205
BOAALB_F,35.41808891296387,40.41808891296387,INCT41_20210103_231500.wav,BOAALB_F_206
BOAALB_F,44.64076805114746,49.64076805114746,INCT41_20210103_231500.wav,BOAALB_F_207
BOAALB_F,53.6508903503418,58.6508903503418,INCT41_20210103_231500.wav,BOAALB_F_208
BOAALB_F,32.27694320678711,37.27694320678711,INCT41_20201108_013000.wav,BOAALB_F_209
BOAALB_F,42.94029998779297,47.94029998779297,INCT41_20201108_013000.wav,BOAALB_F_210
BOAALB_F,51.60796546936035,56.60796546936035,INCT41_20201108_013000.wav,BOAALB_F_211
BOAALB_F,1.8781161308288574,6.878116130828857,INCT41_20201211_221500.wav,BOAALB_F_212
BOAALB_F,24.648452758789062,29.648452758789062,INCT41_20201211_221500.wav,BOAALB_F_213
BOAALB_F,51.57253837585449,56.57253837585449,INCT41_20201211_221500.wav,BOAALB_F_214
BOAALB_F,1.4559510946273804,6.45595109462738,INCT41_20201107_223000.wav,BOAALB_F_227
BOAALB_F,12.993158340454102,17.9931583404541,INCT41_20210111_034500.wav,BOAALB_F_228
BOAALB_F,21.47188377380371,26.47188377380371,INCT41_20210111_034500.wav,BOAALB_F_229
BOAALB_F,40.57853698730469,45.57853698730469,INCT41_20210111_034500.wav,BOAALB_F_230
BOAALB_F,0.6647610664367676,5.664761066436768,INCT41_20210112_050000.wav,BOAALB_F_231
BOAALB_F,8.789222240447998,13.789222240447998,INCT41_20210112_050000.wav,BOAALB_F_232
BOAALB_F,17.008152961730957,22.008152961730957,INCT41_20210112_050000.wav,BOAALB_F_233
BOAALB_F,23.47938060760498,28.47938060760498,INCT41_20210112_050000.wav,BOAALB_F_234
BOAALB_F,38.80721664428711,43.80721664428711,INCT41_20210112_050000.wav,BOAALB_F_235
BOAALB_F,47.56935119628906,52.56935119628906,INCT41_20210112_050000.wav,BOAALB_F_236
BOAALB_F,1.9873476028442383,6.987347602844238,INCT41_20201121_184500.wav,BOAALB_F_249
BOAALB_F,7.572915077209473,12.572915077209473,INCT41_20201121_184500.wav,BOAALB_F_250
BOAALB_F,12.792407989501953,17.792407989501953,INCT41_20201121_184500.wav,BOAALB_F_251
BOAALB_F,17.220712661743164,22.220712661743164,INCT41_20201121_184500.wav,BOAALB_F_252
BOAALB_F,44.912370681762695,49.912370681762695,INCT41_20201121_184500.wav,BOAALB_F_253
BOAALB_F,16.264198303222656,21.264198303222656,INCT41_20201112_220000.wav,BOAALB_F_254
BOAALB_F,23.18416118621826,28.18416118621826,INCT41_20201112_220000.wav,BOAALB_F_255
BOAALB_F,35.648359298706055,40.648359298706055,INCT41_20201112_220000.wav,BOAALB_F_256
BOAALB_F,41.186689376831055,46.186689376831055,INCT41_20201112_220000.wav,BOAALB_F_257
BOAALB_F,55.40449905395508,60.40449905395508,INCT41_20201112_220000.wav,BOAALB_F_258
BOAALB_F,7.0533270835876465,12.053327083587646,INCT41_20201220_233000.wav,BOAALB_F_259
BOAALB_F,36.221086502075195,41.221086502075195,INCT41_20201220_233000.wav,BOAALB_F_260
BOAALB_F,56.43776893615723,61.43776893615723,INCT41_20201220_233000.wav,BOAALB_F_261
BOAALB_M,-1.201030969619751,3.798969030380249,INCT41_20201106_021500.wav,BOAALB_M_262
BOAALB_F,23.43214511871338,28.43214511871338,INCT41_20201106_021500.wav,BOAALB_F_263
BOAALB_F,46.67188262939453,51.67188262939453,INCT41_20201106_021500.wav,BOAALB_F_264
BOAALB_F,20.031208992004395,25.031208992004395,INCT41_20201231_020000.wav,BOAALB_F_265
BOAALB_F,56.095314025878906,61.095314025878906,INCT41_20201231_020000.wav,BOAALB_F_266
BOAALB_F,24.743903160095215,29.743903160095215,INCT41_20201124_190000.wav,BOAALB_F_271
BOAALB_F,28.98816680908203,33.98816680908203,INCT41_20201124_190000.wav,BOAALB_F_272
BOAALB_F,37.6663818359375,42.6663818359375,INCT41_20201124_190000.wav,BOAALB_F_273
BOAALB_M,17.120336532592773,22.120336532592773,INCT41_20200127_030000.wav,BOAALB_M_277
BOAALB_M,31.184629440307617,36.18462944030762,INCT41_20200127_030000.wav,BOAALB_M_278
BOAALB_M,47.7760066986084,52.7760066986084,INCT41_20200127_030000.wav,BOAALB_M_279
BOAALB_M,56.485002517700195,61.485002517700195,INCT41_20200127_030000.wav,BOAALB_M_280
BOAALB_M,1.4028114080429077,6.402811408042908,INCT41_20201031_200000.wav,BOAALB_M_293
BOAALB_F,29.89746856689453,34.89746856689453,INCT41_20201031_200000.wav,BOAALB_F_297
BOAALB_F,34.06597900390625,39.06597900390625,INCT41_20201031_200000.wav,BOAALB_F_298
BOAALB_F,40.37778663635254,45.37778663635254,INCT41_20201031_200000.wav,BOAALB_F_299
BOAALB_F,44.947797775268555,49.947797775268555,INCT41_20201031_200000.wav,BOAALB_F_300
BOAALB_F,52.21611976623535,57.21611976623535,INCT41_20201031_200000.wav,BOAALB_F_301
BOAALB_F,31.202341079711914,36.202341079711914,INCT41_20201112_043000.wav,BOAALB_F_326
BOAALB_F,41.71218490600586,46.71218490600586,INCT41_20201112_043000.wav,BOAALB_F_327
BOAALB_F,51.111995697021484,56.111995697021484,INCT41_20201112_043000.wav,BOAALB_F_328
BOAALB_M,7.431209087371826,12.431209087371826,INCT41_20201220_203000.wav,BOAALB_M_330
BOAALB_M,13.91424560546875,18.91424560546875,INCT41_20201220_203000.wav,BOAALB_M_331
BOAALB_M,21.672633171081543,26.672633171081543,INCT41_20200127_010000.wav,BOAALB_M_336
BOAALB_M,30.310775756835938,35.31077575683594,INCT41_20200127_010000.wav,BOAALB_M_337
BOAALB_M,42.65688896179199,47.65688896179199,INCT41_20200127_010000.wav,BOAALB_M_338
BOAALB_M,12.709746360778809,17.70974636077881,INCT41_20201124_210000.wav,BOAALB_M_342
BOAALB_F,17.43327045440674,22.43327045440674,INCT41_20201124_210000.wav,BOAALB_F_343
BOAALB_F,23.715557098388672,28.715557098388672,INCT41_20201124_210000.wav,BOAALB_F_344
BOAALB_F,27.872258186340332,32.87225818634033,INCT41_20201124_210000.wav,BOAALB_F_345
BOAALB_F,32.69025230407715,37.69025230407715,INCT41_20201124_210000.wav,BOAALB_F_346
BOAALB_M,56.11893081665039,61.11893081665039,INCT41_20201124_210000.wav,BOAALB_M_351
BOAALB_F,14.398406982421875,19.398406982421875,INCT41_20200130_211500.wav,BOAALB_F_355
BOAALB_M,16.234676361083984,21.234676361083984,INCT41_20200130_211500.wav,BOAALB_M_356
BOAALB_F,21.0762882232666,26.0762882232666,INCT41_20200130_211500.wav,BOAALB_F_357
BOAALB_M,25.95332622528076,30.95332622528076,INCT41_20200130_211500.wav,BOAALB_M_358
BOAALB_F,36.57535171508789,41.57535171508789,INCT41_20200130_211500.wav,BOAALB_F_359
BOAALB_M,39.53936195373535,44.53936195373535,INCT41_20200130_211500.wav,BOAALB_M_360
BOAALB_F,45.63861274719238,50.63861274719238,INCT41_20200130_211500.wav,BOAALB_F_361
BOAALB_M,48.92146301269531,53.92146301269531,INCT41_20200130_211500.wav,BOAALB_M_362
BOAALB_F,54.341705322265625,59.341705322265625,INCT41_20200130_211500.wav,BOAALB_F_363
BOAALB_F,57.25257682800293,62.25257682800293,INCT41_20200130_211500.wav,BOAALB_F_364
BOAALB_F,12.461761474609375,17.461761474609375,INCT41_20201213_023000.wav,BOAALB_F_365
BOAALB_F,39.94086265563965,44.94086265563965,INCT41_20201213_023000.wav,BOAALB_F_366
BOAALB_F,54.80815315246582,59.80815315246582,INCT41_20201213_023000.wav,BOAALB_F_367
BOAALB_M,5.158013105392456,10.158013105392456,INCT41_20200126_230000.wav,BOAALB_M_368
BOAALB_M,39.781442642211914,44.781442642211914,INCT41_20200126_230000.wav,BOAALB_M_369
BOAALB_M,56.47909927368164,61.47909927368164,INCT41_20200126_230000.wav,BOAALB_M_370
BOAALB_F,3.829522132873535,8.829522132873535,INCT41_20201213_013000.wav,BOAALB_F_371
BOAALB_F,25.061760902404785,30.061760902404785,INCT41_20201213_013000.wav,BOAALB_F_372
BOAALB_F,32.501312255859375,37.501312255859375,INCT41_20201213_013000.wav,BOAALB_F_373
BOAALB_F,43.7905330657959,48.7905330657959,INCT41_20201213_013000.wav,BOAALB_F_374
BOAALB_M,52.88331604003906,57.88331604003906,INCT41_20201213_013000.wav,BOAALB_M_375
BOAALB_F,1.054451584815979,6.054451584815979,INCT41_20201107_233000.wav,BOAALB_F_376
BOAALB_F,9.686691284179688,14.686691284179688,INCT41_20201107_233000.wav,BOAALB_F_377
BOAALB_F,15.591095924377441,20.59109592437744,INCT41_20201107_233000.wav,BOAALB_F_378
BOAALB_F,35.9612922668457,40.9612922668457,INCT41_20201107_233000.wav,BOAALB_F_380
BOAALB_F,45.27844429016113,50.27844429016113,INCT41_20201107_233000.wav,BOAALB_F_381
BOAALB_F,26.785847663879395,31.785847663879395,INCT41_20201107_213000.wav,BOAALB_F_382
BOAALB_F,35.91996192932129,40.91996192932129,INCT41_20201107_213000.wav,BOAALB_F_383
BOAALB_F,40.602155685424805,45.602155685424805,INCT41_20201107_213000.wav,BOAALB_F_384
BOAALB_F,49.87797546386719,54.87797546386719,INCT41_20201107_213000.wav,BOAALB_F_385
BOAALB_F,56.88650321960449,61.88650321960449,INCT41_20201107_213000.wav,BOAALB_F_386
BOAALB_F,22.20403003692627,27.20403003692627,INCT41_20210111_050000.wav,BOAALB_F_387
BOAALB_F,45.750797271728516,50.750797271728516,INCT41_20210111_050000.wav,BOAALB_F_388
BOAALB_F,-1.649765968322754,3.350234031677246,INCT41_20201028_214500.wav,BOAALB_F_389
BOAALB_F,0.7651360034942627,5.765136003494263,INCT41_20201028_214500.wav,BOAALB_F_390
BOAALB_M,2.695876359939575,7.695876359939575,INCT41_20201028_214500.wav,BOAALB_M_391
BOAALB_F,5.004498481750488,10.004498481750488,INCT41_20201028_214500.wav,BOAALB_F_392
BOAALB_F,6.651827812194824,11.651827812194824,INCT41_20201028_214500.wav,BOAALB_F_393
BOAALB_M,8.25782585144043,13.25782585144043,INCT41_20201028_214500.wav,BOAALB_M_394
BOAALB_M,15.372633457183838,20.372633457183838,INCT41_20201028_214500.wav,BOAALB_M_395
BOAALB_M,22.085942268371582,27.085942268371582,INCT41_20201028_214500.wav,BOAALB_M_396
BOAALB_F,26.821274757385254,31.821274757385254,INCT41_20201028_214500.wav,BOAALB_F_397
BOAALB_F,31.763259887695312,36.76325988769531,INCT41_20201028_214500.wav,BOAALB_F_398
BOAALB_M,37.17169761657715,42.17169761657715,INCT41_20201028_214500.wav,BOAALB_M_399
BOAALB_F,57.110870361328125,62.110870361328125,INCT41_20201028_214500.wav,BOAALB_F_402
BOAALB_F,0.151077501475811,5.151077501475811,INCT41_20201121_214500.wav,BOAALB_F_403
BOAALB_F,8.925023078918457,13.925023078918457,INCT41_20201121_214500.wav,BOAALB_F_404
BOAALB_F,14.44564151763916,19.44564151763916,INCT41_20201121_214500.wav,BOAALB_F_405
BOAALB_F,17.752108573913574,22.752108573913574,INCT41_20201121_214500.wav,BOAALB_F_406
BOAALB_F,21.10581111907959,26.10581111907959,INCT41_20201121_214500.wav,BOAALB_F_407
BOAALB_F,26.573288917541504,31.573288917541504,INCT41_20201121_214500.wav,BOAALB_F_408
BOAALB_F,40.684818267822266,45.684818267822266,INCT41_20201121_214500.wav,BOAALB_F_411
BOAALB_F,44.80018615722656,49.80018615722656,INCT41_20201121_214500.wav,BOAALB_F_412
BOAALB_M,47.421743392944336,52.421743392944336,INCT41_20201121_214500.wav,BOAALB_M_413
BOAALB_F,0.9245550632476807,5.924555063247681,INCT41_20201031_220000.wav,BOAALB_F_426
BOAALB_F,2.920243501663208,7.920243501663208,INCT41_20201031_220000.wav,BOAALB_F_427
BOAALB_F,12.426335334777832,17.426335334777832,INCT41_20201031_220000.wav,BOAALB_F_428
BOAALB_F,22.55829429626465,27.55829429626465,INCT41_20201031_220000.wav,BOAALB_F_429
BOAALB_F,29.1594181060791,34.1594181060791,INCT41_20201031_220000.wav,BOAALB_F_430
BOAALB_F,35.453514099121094,40.453514099121094,INCT41_20201031_220000.wav,BOAALB_F_431
BOAALB_F,41.700374603271484,46.700374603271484,INCT41_20201031_220000.wav,BOAALB_F_432
BOAALB_F,43.37722587585449,48.37722587585449,INCT41_20201031_220000.wav,BOAALB_F_433
BOAALB_F,54.076005935668945,59.076005935668945,INCT41_20201031_220000.wav,BOAALB_F_434
BOAALB_F,8.352295875549316,13.352295875549316,INCT41_20201030_041500.wav,BOAALB_F_435
BOAALB_F,19.21640110015869,24.21640110015869,INCT41_20201030_041500.wav,BOAALB_F_436
BOAALB_F,29.962417602539062,34.96241760253906,INCT41_20201030_041500.wav,BOAALB_F_437
BOAALB_F,54.73827934265137,59.73827934265137,INCT41_20201030_041500.wav,BOAALB_F_438
BOAALB_F,0.6411430835723877,5.641143083572388,INCT41_20210104_011500.wav,BOAALB_F_451
BOAALB_F,13.465510368347168,18.465510368347168,INCT41_20210104_011500.wav,BOAALB_F_452
BOAALB_F,42.042829513549805,47.042829513549805,INCT41_20210104_011500.wav,BOAALB_F_453
BOAALB_M,28.411850929260254,33.411850929260254,INCT41_20201028_234500.wav,BOAALB_M_454
BOAALB_M,36.44269943237305,41.44269943237305,INCT41_20201028_234500.wav,BOAALB_M_455
BOAALB_M,48.21108055114746,53.21108055114746,INCT41_20201028_234500.wav,BOAALB_M_456
BOAALB_F,0.5702905654907227,5.570290565490723,INCT41_20201122_040000.wav,BOAALB_F_457
BOAALB_F,50.94452667236328,55.94452667236328,INCT41_20201108_023000.wav,BOAALB_F_458
BOAALB_F,6.427460193634033,11.427460193634033,INCT41_20201104_040000.wav,BOAALB_F_459
BOAALB_F,1.394526481628418,6.394526481628418,INCT41_20201031_190000.wav,BOAALB_F_460
BOAALB_M,6.658361911773682,11.658361911773682,INCT41_20201031_190000.wav,BOAALB_M_461
BOAALB_F,41.69131851196289,46.69131851196289,INCT41_20201031_190000.wav,BOAALB_F_463
BOAALB_F,44.785600662231445,49.785600662231445,INCT41_20201031_190000.wav,BOAALB_F_464
BOAALB_F,52.26641273498535,57.26641273498535,INCT41_20201031_190000.wav,BOAALB_F_465
BOAALB_F,32.80243682861328,37.80243682861328,INCT41_20201015_203000.wav,BOAALB_F_466
BOAALB_F,45.815744400024414,50.815744400024414,INCT41_20201015_203000.wav,BOAALB_F_467
BOAALB_F,38.252201080322266,43.252201080322266,INCT41_20200130_050000.wav,BOAALB_F_468
BOAALB_F,16.468774795532227,21.468774795532227,INCT41_20201220_053000.wav,BOAALB_F_469
BOAALB_F,22.426156997680664,27.426156997680664,INCT41_20201220_053000.wav,BOAALB_F_470
BOAALB_F,9.521368026733398,14.521368026733398,INCT41_20210111_044500.wav,BOAALB_F_471
BOAALB_F,25.0145263671875,30.0145263671875,INCT41_20210111_044500.wav,BOAALB_F_472
BOAALB_F,39.255950927734375,44.255950927734375,INCT41_20210111_044500.wav,BOAALB_F_473
BOAALB_F,46.71911811828613,51.71911811828613,INCT41_20210111_044500.wav,BOAALB_F_474
BOAALB_F,55.10337257385254,60.10337257385254,INCT41_20210111_044500.wav,BOAALB_F_475
BOAALB_F,4.443579912185669,9.443579912185669,INCT41_20201114_183000.wav,BOAALB_F_488
BOAALB_F,28.509933471679688,33.50993347167969,INCT41_20201114_183000.wav,BOAALB_F_489
BOAALB_F,44.68800163269043,49.68800163269043,INCT41_20201114_183000.wav,BOAALB_F_490
BOAALB_F,48.89194107055664,53.89194107055664,INCT41_20201114_183000.wav,BOAALB_F_491
BOAALB_F,54.04058074951172,59.04058074951172,INCT41_20201114_183000.wav,BOAALB_F_492
BOAALB_F,1.1371135711669922,6.137113571166992,INCT41_20201231_230000.wav,BOAALB_F_493
BOAALB_F,45.2784423828125,50.2784423828125,INCT41_20201115_033000.wav,BOAALB_F_502
BOAALB_F,55.03842544555664,60.03842544555664,INCT41_20201115_033000.wav,BOAALB_F_503
BOAALB_F,3.180037498474121,8.180037498474121,INCT41_20201015_183000.wav,BOAALB_F_504
BOAALB_F,8.629802703857422,13.629802703857422,INCT41_20201015_183000.wav,BOAALB_F_505
BOAALB_M,1.3791940212249756,6.379194021224976,INCT41_20200126_200000.wav,BOAALB_M_518
BOAALB_F,12.479475021362305,17.479475021362305,INCT41_20200126_200000.wav,BOAALB_F_519
BOAALB_F,23.644704818725586,28.644704818725586,INCT41_20200126_200000.wav,BOAALB_F_520
BOAALB_F,35.49484443664551,40.49484443664551,INCT41_20200126_200000.wav,BOAALB_F_521
BOAALB_F,43.7432975769043,48.7432975769043,INCT41_20200126_200000.wav,BOAALB_F_522
BOAALB_F,51.97994422912598,56.97994422912598,INCT41_20200126_200000.wav,BOAALB_F_523
BOAALB_F,5.128490924835205,10.128490924835205,INCT41_20201121_234500.wav,BOAALB_F_524
BOAALB_F,51.489877700805664,56.489877700805664,INCT41_20201121_234500.wav,BOAALB_F_525
BOAALB_F,56.49681282043457,61.49681282043457,INCT41_20201121_234500.wav,BOAALB_F_526
BOAALB_F,4.620712041854858,9.620712041854858,INCT41_20201211_191500.wav,BOAALB_F_527
BOAALB_F,15.248641014099121,20.24864101409912,INCT41_20201211_191500.wav,BOAALB_F_528
BOAALB_F,21.696250915527344,26.696250915527344,INCT41_20201211_191500.wav,BOAALB_F_529
BOAALB_F,29.431020736694336,34.431020736694336,INCT41_20201211_191500.wav,BOAALB_F_530
BOAALB_F,37.92155456542969,42.92155456542969,INCT41_20201211_191500.wav,BOAALB_F_531
BOAALB_F,45.290252685546875,50.290252685546875,INCT41_20201211_191500.wav,BOAALB_F_532
BOAALB_F,52.52905464172363,57.52905464172363,INCT41_20201211_191500.wav,BOAALB_F_533
BOAALB_F,9.893345832824707,14.893345832824707,INCT41_20200218_213000.wav,BOAALB_F_534
BOAALB_F,18.07094669342041,23.07094669342041,INCT41_20200218_213000.wav,BOAALB_F_535
BOAALB_F,34.06007385253906,39.06007385253906,INCT41_20200218_213000.wav,BOAALB_F_536
BOAALB_F,44.487253189086914,49.487253189086914,INCT41_20200218_213000.wav,BOAALB_F_537
BOAALB_F,14.510590553283691,19.51059055328369,INCT41_20200216_210000.wav,BOAALB_F_538
BOAALB_M,28.20290470123291,33.20290470123291,INCT41_20200216_210000.wav,BOAALB_M_539
BOAALB_M,44.85080528259277,49.85080528259277,INCT41_20201231_220000.wav,BOAALB_M_549
BOAALB_M,50.13835334777832,55.13835334777832,INCT41_20201231_220000.wav,BOAALB_M_550
BOAALB_F,14.103606224060059,19.10360622406006,INCT41_20201031_210000.wav,BOAALB_F_551
BOAALB_F,20.43739891052246,25.43739891052246,INCT41_20201031_210000.wav,BOAALB_F_552
BOAALB_F,28.56136989593506,33.56136989593506,INCT41_20201031_210000.wav,BOAALB_F_553
BOAALB_F,38.00722694396973,43.00722694396973,INCT41_20201031_210000.wav,BOAALB_F_554
BOAALB_F,40.46723937988281,45.46723937988281,INCT41_20201031_210000.wav,BOAALB_F_555
BOAALB_F,43.28291702270508,48.28291702270508,INCT41_20201031_210000.wav,BOAALB_F_556
BOAALB_F,5.506372690200806,10.506372690200806,INCT41_20201121_024500.wav,BOAALB_F_557
BOAALB_F,26.00646686553955,31.00646686553955,INCT41_20201121_024500.wav,BOAALB_F_558
BOAALB_F,56.732988357543945,61.732988357543945,INCT41_20201121_024500.wav,BOAALB_F_559
BOAALB_M,-1.0120899677276611,3.987910032272339,INCT41_20201105_191500.wav,BOAALB_M_560
BOAALB_M,3.469353675842285,8.469353675842285,INCT41_20201105_191500.wav,BOAALB_M_561
BOAALB_M,6.226710081100464,11.226710081100464,INCT41_20201105_191500.wav,BOAALB_M_562
BOAALB_M,29.932896614074707,34.93289661407471,INCT41_20201105_191500.wav,BOAALB_M_566
BOAALB_M,38.323055267333984,43.323055267333984,INCT41_20201105_191500.wav,BOAALB_M_567
BOAALB_M,44.20974540710449,49.20974540710449,INCT41_20201105_191500.wav,BOAALB_M_568
BOAALB_M,53.77488136291504,58.77488136291504,INCT41_20201105_191500.wav,BOAALB_M_570
BOAALB_M,56.98097229003906,61.98097229003906,INCT41_20201105_191500.wav,BOAALB_M_571
BOAALB_F,43.86138725280762,48.86138725280762,INCT41_20201121_034500.wav,BOAALB_F_572
BOAALB_F,54.13505172729492,59.13505172729492,INCT41_20201121_034500.wav,BOAALB_F_573
BOAALB_F,1.4360203742980957,6.436020374298096,INCT41_20201114_193000.wav,BOAALB_F_574
BOAALB_M,8.347768783569336,13.347768783569336,INCT41_20201114_193000.wav,BOAALB_M_575
BOAALB_M,13.493048667907715,18.493048667907715,INCT41_20201114_193000.wav,BOAALB_M_576
BOAALB_F,15.413637161254883,20.413637161254883,INCT41_20201114_193000.wav,BOAALB_F_577
BOAALB_F,21.293957710266113,26.293957710266113,INCT41_20201114_193000.wav,BOAALB_F_578
BOAALB_F,26.379961013793945,31.379961013793945,INCT41_20201114_193000.wav,BOAALB_F_579
BOAALB_F,41.61425971984863,46.61425971984863,INCT41_20201114_193000.wav,BOAALB_F_580
BOAALB_F,46.78325080871582,51.78325080871582,INCT41_20201114_193000.wav,BOAALB_F_581
BOAALB_F,53.4460334777832,58.4460334777832,INCT41_20201114_193000.wav,BOAALB_F_582
BOAALB_F,57.14494514465332,62.14494514465332,INCT41_20201114_193000.wav,BOAALB_F_583
BOAALB_F,49.340675354003906,54.340675354003906,INCT41_20201220_033000.wav,BOAALB_F_596
BOAALB_F,55.835519790649414,60.835519790649414,INCT41_20201220_033000.wav,BOAALB_F_597
BOAALB_F,2.7076849937438965,7.7076849937438965,INCT41_20201112_190000.wav,BOAALB_F_598
BOAALB_F,11.776850700378418,16.776850700378418,INCT41_20201112_190000.wav,BOAALB_F_599
BOAALB_M,19.641517639160156,24.641517639160156,INCT41_20201112_190000.wav,BOAALB_M_600
BOAALB_F,33.32792663574219,38.32792663574219,INCT41_20201112_190000.wav,BOAALB_F_601
BOAALB_F,40.649391174316406,45.649391174316406,INCT41_20201112_190000.wav,BOAALB_F_602
BOAALB_F,48.89193916320801,53.89193916320801,INCT41_20201112_190000.wav,BOAALB_F_603
BOAALB_F,55.68200492858887,60.68200492858887,INCT41_20201112_190000.wav,BOAALB_F_604
BOAALB_F,8.535332202911377,13.535332202911377,INCT41_20201121_004500.wav,BOAALB_F_605
BOAALB_F,14.752670288085938,19.752670288085938,INCT41_20201121_004500.wav,BOAALB_F_606
BOAALB_F,33.705810546875,38.705810546875,INCT41_20201121_004500.wav,BOAALB_F_607
BOAALB_F,46.849016189575195,51.849016189575195,INCT41_20201121_004500.wav,BOAALB_F_608
BOAALB_F,47.39221954345703,52.39221954345703,INCT41_20200218_004500.wav,BOAALB_F_609
BOAALB_F,2.8375821113586426,7.837582111358643,INCT41_20201220_213000.wav,BOAALB_F_610
BOAALB_F,14.31574535369873,19.31574535369873,INCT41_20201220_213000.wav,BOAALB_F_612
BOAALB_F,27.157825469970703,32.1578254699707,INCT41_20201220_213000.wav,BOAALB_F_613
BOAALB_F,33.6113395690918,38.6113395690918,INCT41_20201220_213000.wav,BOAALB_F_614
BOAALB_F,40.271507263183594,45.271507263183594,INCT41_20201220_213000.wav,BOAALB_F_615
BOAALB_F,10.489691257476807,15.489691257476807,INCT41_20201211_031500.wav,BOAALB_F_616
BOAALB_F,5.671696662902832,10.671696662902832,INCT41_20201124_030000.wav,BOAALB_F_617
BOAALB_F,20.763355255126953,25.763355255126953,INCT41_20201121_014500.wav,BOAALB_F_618
BOAALB_F,6.031865119934082,11.031865119934082,INCT41_20201228_024500.wav,BOAALB_F_619
BOAALB_F,22.446110725402832,27.446110725402832,INCT41_20201228_024500.wav,BOAALB_F_620
BOAALB_F,28.76972770690918,33.76972770690918,INCT41_20201228_024500.wav,BOAALB_F_621
BOAALB_F,43.11152648925781,48.11152648925781,INCT41_20201228_024500.wav,BOAALB_F_622
BOAALB_F,55.08565902709961,60.08565902709961,INCT41_20201228_024500.wav,BOAALB_F_623
BOAALB_F,56.53223991394043,61.53223991394043,INCT41_20201228_024500.wav,BOAALB_F_624
BOAALB_F,37.62633514404297,42.62633514404297,INCT41_20210110_224500.wav,BOAALB_F_625
BOAALB_F,45.6799430847168,50.6799430847168,INCT41_20210110_224500.wav,BOAALB_F_626
BOAALB_F,54.44207954406738,59.44207954406738,INCT41_20210110_224500.wav,BOAALB_F_627
BOAALB_F,-1.267029955983162,3.732970044016838,INCT41_20201124_200000.wav,BOAALB_F_628
BOAALB_F,16.919283866882324,21.919283866882324,INCT41_20201124_200000.wav,BOAALB_F_631
BOAALB_F,19.764599800109863,24.764599800109863,INCT41_20201124_200000.wav,BOAALB_F_632
BOAALB_F,24.506794929504395,29.506794929504395,INCT41_20201124_200000.wav,BOAALB_F_633
BOAALB_F,47.435302734375,52.435302734375,INCT41_20201124_200000.wav,BOAALB_F_637
BOAALB_F,52.05893898010254,57.05893898010254,INCT41_20201124_200000.wav,BOAALB_F_638
BOAALB_F,56.374338150024414,61.374338150024414,INCT41_20201124_200000.wav,BOAALB_F_639
BOAALB_F,0.28097498416900635,5.280974984169006,INCT41_20201218_220000.wav,BOAALB_F_640
BOAALB_F,8.78922176361084,13.78922176361084,INCT41_20201218_220000.wav,BOAALB_F_641
BOAALB_F,19.452576637268066,24.452576637268066,INCT41_20201218_220000.wav,BOAALB_F_642
BOAALB_F,30.759511947631836,35.759511947631836,INCT41_20201218_220000.wav,BOAALB_F_643
BOAALB_F,45.307966232299805,50.307966232299805,INCT41_20201218_220000.wav,BOAALB_F_644
BOAALB_F,53.7630729675293,58.7630729675293,INCT41_20201218_220000.wav,BOAALB_F_645
BOAALB_F,6.92933464050293,11.92933464050293,INCT41_20200126_220000.wav,BOAALB_F_646
BOAALB_F,20.223376274108887,25.223376274108887,INCT41_20200126_220000.wav,BOAALB_F_647
BOAALB_F,50.94818115234375,55.94818115234375,INCT41_20200126_220000.wav,BOAALB_F_648
BOAALB_F,13.040393829345703,18.040393829345703,INCT41_20201031_010000.wav,BOAALB_F_649
BOAALB_F,33.1153678894043,38.1153678894043,INCT41_20201031_010000.wav,BOAALB_F_650
BOAALB_M,-1.809184491634369,3.190815508365631,INCT41_20200213_203000.wav,BOAALB_M_651
BOAALB_M,3.912184000015259,8.912184000015259,INCT41_20200213_203000.wav,BOAALB_M_652
BOAALB_F,8.198781490325928,13.198781490325928,INCT41_20200213_203000.wav,BOAALB_F_653
BOAALB_M,10.625491619110107,15.625491619110107,INCT41_20200213_203000.wav,BOAALB_M_654
BOAALB_F,13.937862873077393,18.937862873077393,INCT41_20200213_203000.wav,BOAALB_F_655
BOAALB_M,16.016213417053223,21.016213417053223,INCT41_20200213_203000.wav,BOAALB_M_656
BOAALB_M,21.46597957611084,26.46597957611084,INCT41_20200213_203000.wav,BOAALB_M_657
BOAALB_F,37.88612937927246,42.88612937927246,INCT41_20200213_203000.wav,BOAALB_F_658
BOAALB_F,44.5403938293457,49.5403938293457,INCT41_20201107_193000.wav,BOAALB_F_659
BOAALB_F,53.095876693725586,58.095876693725586,INCT41_20201107_193000.wav,BOAALB_F_660
BOAALB_M,21.767104148864746,26.767104148864746,INCT41_20200131_010000.wav,BOAALB_M_673
BOAALB_M,-1.4549205303192139,3.545079469680786,INCT41_20201218_210000.wav,BOAALB_M_674
BOAALB_F,7.602436542510986,12.602436542510986,INCT41_20201218_210000.wav,BOAALB_F_675
BOAALB_F,11.23954963684082,16.23954963684082,INCT41_20201218_210000.wav,BOAALB_F_676
BOAALB_F,15.18369197845459,20.18369197845459,INCT41_20201218_210000.wav,BOAALB_F_677
BOAALB_M,46.64236068725586,51.64236068725586,INCT41_20201218_210000.wav,BOAALB_M_683
BOAALB_F,52.51724433898926,57.51724433898926,INCT41_20201218_210000.wav,BOAALB_F_684
BOAALB_F,2.6014060974121094,7.601406097412109,INCT41_20201115_023000.wav,BOAALB_F_685
BOAALB_F,8.127928256988525,13.127928256988525,INCT41_20201115_023000.wav,BOAALB_F_686
BOAALB_F,15.402155876159668,20.402155876159668,INCT41_20201115_023000.wav,BOAALB_F_687
BOAALB_M,22.983410835266113,27.983410835266113,INCT41_20201115_023000.wav,BOAALB_M_688
BOAALB_M,31.462135314941406,36.462135314941406,INCT41_20201115_023000.wav,BOAALB_M_689
BOAALB_F,31.485754013061523,36.48575401306152,INCT41_20200130_213000.wav,BOAALB_F_697
BOAALB_M,32.932334899902344,37.932334899902344,INCT41_20200130_213000.wav,BOAALB_M_698
BOAALB_F,36.4100284576416,41.4100284576416,INCT41_20200130_213000.wav,BOAALB_F_699
BOAALB_M,39.52164840698242,44.52164840698242,INCT41_20200130_213000.wav,BOAALB_M_700
BOAALB_F,43.436269760131836,48.436269760131836,INCT41_20200130_213000.wav,BOAALB_F_701
BOAALB_M,46.10506057739258,51.10506057739258,INCT41_20200130_213000.wav,BOAALB_M_702
BOAALB_F,49.122209548950195,54.122209548950195,INCT41_20200130_213000.wav,BOAALB_F_703
BOAALB_M,53.12539863586426,58.12539863586426,INCT41_20200130_213000.wav,BOAALB_M_704
BOAALB_F,1.2079660892486572,6.207966089248657,INCT41_20210113_003000.wav,BOAALB_F_705
BOAALB_F,6.380224943161011,11.38022494316101,INCT41_20210113_003000.wav,BOAALB_F_706
BOAALB_F,17.24432945251465,22.24432945251465,INCT41_20210113_003000.wav,BOAALB_F_707
BOAALB_F,20.763355255126953,25.763355255126953,INCT41_20210113_003000.wav,BOAALB_F_708
BOAALB_F,23.762792587280273,28.762792587280273,INCT41_20210113_003000.wav,BOAALB_F_709
BOAALB_F,37.46101188659668,42.46101188659668,INCT41_20210113_003000.wav,BOAALB_F_710
BOAALB_F,42.96391677856445,47.96391677856445,INCT41_20210113_003000.wav,BOAALB_F_711
BOAALB_F,50.00196838378906,55.00196838378906,INCT41_20210113_003000.wav,BOAALB_F_712
BOAALB_F,55.05613899230957,60.05613899230957,INCT41_20210113_003000.wav,BOAALB_F_713
BOAALB_M,-0.752295970916748,4.247704029083252,INCT41_20201114_223000.wav,BOAALB_M_726
BOAALB_F,41.405155181884766,46.405155181884766,INCT41_20201114_223000.wav,BOAALB_F_733
BOAALB_F,46.258575439453125,51.258575439453125,INCT41_20201114_223000.wav,BOAALB_F_734
BOAALB_F,50.9939079284668,55.9939079284668,INCT41_20201114_223000.wav,BOAALB_F_735
BOAALB_F,57.09906196594238,62.09906196594238,INCT41_20201114_223000.wav,BOAALB_F_736
BOAALB_F,0.5407685041427612,5.540768504142761,INCT41_20201121_194500.wav,BOAALB_F_737
BOAALB_F,1.9578254222869873,6.957825422286987,INCT41_20201121_194500.wav,BOAALB_F_738
BOAALB_F,4.620712518692017,9.620712518692017,INCT41_20201121_194500.wav,BOAALB_F_739
BOAALB_F,7.572915077209473,12.572915077209473,INCT41_20201121_194500.wav,BOAALB_F_740
BOAALB_F,19.316776275634766,24.316776275634766,INCT41_20201121_194500.wav,BOAALB_F_742
BOAALB_F,23.86907196044922,28.86907196044922,INCT41_20201121_194500.wav,BOAALB_F_743
BOAALB_F,28.75791835784912,33.75791835784912,INCT41_20201121_194500.wav,BOAALB_F_744
BOAALB_F,35.62474250793457,40.62474250793457,INCT41_20201121_194500.wav,BOAALB_F_745
BOAALB_F,41.18669128417969,46.18669128417969,INCT41_20201121_194500.wav,BOAALB_F_746
BOAALB_F,56.44367218017578,61.44367218017578,INCT41_20201121_194500.wav,BOAALB_F_747
BOAALB_F,21.454171180725098,26.454171180725098,INCT41_20201121_204500.wav,BOAALB_F_751
BOAALB_F,34.744985580444336,39.744985580444336,INCT41_20201121_204500.wav,BOAALB_F_759
BOAALB_F,1.1371135711669922,6.137113571166992,INCT41_20210112_233000.wav,BOAALB_F_760
BOAALB_F,6.474694728851318,11.474694728851318,INCT41_20210112_233000.wav,BOAALB_F_761
BOAALB_F,11.599718570709229,16.59971857070923,INCT41_20210112_233000.wav,BOAALB_F_762
BOAALB_F,18.566916465759277,23.566916465759277,INCT41_20210112_233000.wav,BOAALB_F_763
BOAALB_F,25.345172882080078,30.345172882080078,INCT41_20210112_233000.wav,BOAALB_F_764
BOAALB_F,28.509934425354004,33.509934425354004,INCT41_20210112_233000.wav,BOAALB_F_765
BOAALB_F,33.469635009765625,38.469635009765625,INCT41_20210112_233000.wav,BOAALB_F_766
BOAALB_F,40.29512596130371,45.29512596130371,INCT41_20210112_233000.wav,BOAALB_F_767
BOAALB_F,45.7744140625,50.7744140625,INCT41_20210112_233000.wav,BOAALB_F_768
BOAALB_F,54.489315032958984,59.489315032958984,INCT41_20210112_233000.wav,BOAALB_F_769
BOAALB_F,-1.3191189765930176,3.6808810234069824,INCT41_20210103_221500.wav,BOAALB_F_770
BOAALB_F,2.4124648571014404,7.41246485710144,INCT41_20210103_221500.wav,BOAALB_F_771
BOAALB_F,6.699062824249268,11.699062824249268,INCT41_20210103_221500.wav,BOAALB_F_772
BOAALB_F,9.970102787017822,14.970102787017822,INCT41_20210103_221500.wav,BOAALB_F_773
BOAALB_F,15.319493293762207,20.319493293762207,INCT41_20210103_221500.wav,BOAALB_F_774
BOAALB_F,23.030646324157715,28.030646324157715,INCT41_20210103_221500.wav,BOAALB_F_775
BOAALB_F,46.58922004699707,51.58922004699707,INCT41_20210103_221500.wav,BOAALB_F_777
BOAALB_F,50.72230529785156,55.72230529785156,INCT41_20210103_221500.wav,BOAALB_F_778
BOAALB_F,56.81564903259277,61.81564903259277,INCT41_20210103_221500.wav,BOAALB_F_779
BOAALB_F,0.07432043552398682,5.074320435523987,INCT41_20201028_194500.wav,BOAALB_F_792
BOAALB_F,3.7468600273132324,8.746860027313232,INCT41_20201028_194500.wav,BOAALB_F_793
BOAALB_F,9.568603515625,14.568603515625,INCT41_20201028_194500.wav,BOAALB_F_794
BOAALB_F,12.508996963500977,17.508996963500977,INCT41_20201028_194500.wav,BOAALB_F_795
BOAALB_F,20.249671936035156,25.249671936035156,INCT41_20201028_194500.wav,BOAALB_F_796
BOAALB_F,24.87282085418701,29.87282085418701,INCT41_20201028_194500.wav,BOAALB_F_797
BOAALB_F,29.0,34.0,INCT41_20201028_194500.wav,BOAALB_F_798
BOAALB_F,32.45998001098633,37.45998001098633,INCT41_20201028_194500.wav,BOAALB_F_799
BOAALB_F,35.42989730834961,40.42989730834961,INCT41_20201028_194500.wav,BOAALB_F_800
BOAALB_F,36.97094535827637,41.97094535827637,INCT41_20201028_194500.wav,BOAALB_F_801
BOAALB_F,41.157169342041016,46.157169342041016,INCT41_20201028_194500.wav,BOAALB_F_802
BOAALB_F,45.69765663146973,50.69765663146973,INCT41_20201028_194500.wav,BOAALB_F_803
BOAALB_F,51.737863540649414,56.737863540649414,INCT41_20201028_194500.wav,BOAALB_F_804
BOAALB_F,19.795032501220703,24.795032501220703,INCT41_20200218_223000.wav,BOAALB_F_805
BOAALB_F,53.946109771728516,58.946109771728516,INCT41_20200218_223000.wav,BOAALB_F_806
BOAALB_M,-0.7404874563217163,4.259512543678284,INCT41_20200202_191500.wav,BOAALB_M_807
BOAALB_F,3.0029056072235107,8.00290560722351,INCT41_20200202_191500.wav,BOAALB_F_808
BOAALB_M,5.19343900680542,10.19343900680542,INCT41_20200202_191500.wav,BOAALB_M_809
BOAALB_M,8.848265647888184,13.848265647888184,INCT41_20200202_191500.wav,BOAALB_M_810
BOAALB_F,11.452108383178711,16.45210838317871,INCT41_20200202_191500.wav,BOAALB_F_811
BOAALB_F,14.268509864807129,19.26850986480713,INCT41_20200202_191500.wav,BOAALB_F_812
BOAALB_M,15.650139808654785,20.650139808654785,INCT41_20200202_191500.wav,BOAALB_M_813
BOAALB_M,19.665135383605957,24.665135383605957,INCT41_20200202_191500.wav,BOAALB_M_814
BOAALB_F,24.10524845123291,29.10524845123291,INCT41_20200202_191500.wav,BOAALB_F_815
BOAALB_M,25.333364486694336,30.333364486694336,INCT41_20200202_191500.wav,BOAALB_M_816
BOAALB_M,29.070852279663086,34.070852279663086,INCT41_20200202_191500.wav,BOAALB_M_817
BOAALB_F,31.95220184326172,36.95220184326172,INCT41_20200202_191500.wav,BOAALB_F_818
BOAALB_M,34.01283836364746,39.01283836364746,INCT41_20200202_191500.wav,BOAALB_M_819
BOAALB_M,36.70524787902832,41.70524787902832,INCT41_20200202_191500.wav,BOAALB_M_820
BOAALB_F,38.01602554321289,43.01602554321289,INCT41_20200202_191500.wav,BOAALB_F_821
BOAALB_F,40.867855072021484,45.867855072021484,INCT41_20200202_191500.wav,BOAALB_F_822
BOAALB_M,43.45398139953613,48.45398139953613,INCT41_20200202_191500.wav,BOAALB_M_823
BOAALB_F,45.97516441345215,50.97516441345215,INCT41_20200202_191500.wav,BOAALB_F_824
BOAALB_M,49.370195388793945,54.370195388793945,INCT41_20200202_191500.wav,BOAALB_M_825
BOAALB_F,52.15117073059082,57.15117073059082,INCT41_20200202_191500.wav,BOAALB_F_826
BOAALB_F,55.30412292480469,60.30412292480469,INCT41_20200202_191500.wav,BOAALB_F_827
BOAALB_F,9.686691284179688,14.686691284179688,INCT41_20210112_223000.wav,BOAALB_F_829
BOAALB_F,15.992596626281738,20.99259662628174,INCT41_20210112_223000.wav,BOAALB_F_830
BOAALB_F,22.487441062927246,27.487441062927246,INCT41_20210112_223000.wav,BOAALB_F_831
BOAALB_F,28.297375679016113,33.29737567901611,INCT41_20210112_223000.wav,BOAALB_F_832
BOAALB_F,35.122867584228516,40.122867584228516,INCT41_20210112_223000.wav,BOAALB_F_833
BOAALB_F,41.90112495422363,46.90112495422363,INCT41_20210112_223000.wav,BOAALB_F_834
BOAALB_F,49.600467681884766,54.600467681884766,INCT41_20210112_223000.wav,BOAALB_F_835
BOAALB_F,52.977787017822266,57.977787017822266,INCT41_20210112_223000.wav,BOAALB_F_836
BOAALB_F,54.34760856628418,59.34760856628418,INCT41_20210112_223000.wav,BOAALB_F_837
BOAALB_F,56.73299026489258,61.73299026489258,INCT41_20210112_223000.wav,BOAALB_F_838
BOAALB_F,6.828959941864014,11.828959941864014,INCT41_20200213_211500.wav,BOAALB_F_839
BOAALB_F,15.449390411376953,20.449390411376953,INCT41_20200213_211500.wav,BOAALB_F_840
BOAALB_F,34.65051460266113,39.65051460266113,INCT41_20200213_211500.wav,BOAALB_F_841
BOAALB_F,55.36316680908203,60.36316680908203,INCT41_20200213_211500.wav,BOAALB_F_842
BOAALB_F,11.928124904632568,16.92812490463257,INCT41_20200213_201500.wav,BOAALB_F_843
BOAALB_F,24.127418518066406,29.127418518066406,INCT41_20200213_201500.wav,BOAALB_F_844
BOAALB_F,42.141828536987305,47.141828536987305,INCT41_20200213_201500.wav,BOAALB_F_845
BOAALB_M,-1.3073099851608276,3.6926900148391724,INCT41_20201213_213000.wav,BOAALB_M_846
BOAALB_F,17.208904266357422,22.208904266357422,INCT41_20201213_213000.wav,BOAALB_F_850
BOAALB_M,21.412839889526367,26.412839889526367,INCT41_20201213_213000.wav,BOAALB_M_851
BOAALB_M,27.30543613433838,32.30543613433838,INCT41_20201213_213000.wav,BOAALB_M_852
BOAALB_F,39.923147201538086,44.923147201538086,INCT41_20201016_003000.wav,BOAALB_F_858
BOAALB_F,47.032052993774414,52.032052993774414,INCT41_20201016_003000.wav,BOAALB_F_859
BOAALB_F,56.786128997802734,61.786128997802734,INCT41_20201016_003000.wav,BOAALB_F_860
BOAALB_M,3.9546725749969482,8.954672574996948,INCT41_20200126_190000.wav,BOAALB_M_861
BOAALB_M,21.981575965881348,26.981575965881348,INCT41_20200126_190000.wav,BOAALB_M_862
BOAALB_M,29.62836456298828,34.62836456298828,INCT41_20200126_190000.wav,BOAALB_M_863
BOAALB_M,44.3765869140625,49.3765869140625,INCT41_20200126_190000.wav,BOAALB_M_866
BOAALB_F,10.843955039978027,15.843955039978027,INCT41_20201105_231500.wav,BOAALB_F_867
BOAALB_F,25.911995887756348,30.911995887756348,INCT41_20201105_231500.wav,BOAALB_F_868
BOAALB_F,38.07507133483887,43.07507133483887,INCT41_20201105_231500.wav,BOAALB_F_869
BOAALB_F,47.00253105163574,52.00253105163574,INCT41_20201105_231500.wav,BOAALB_F_870
BOAALB_F,56.82745933532715,61.82745933532715,INCT41_20201105_231500.wav,BOAALB_F_871
BOAALB_F,-0.14414244890213013,4.85585755109787,INCT41_20201106_001500.wav,BOAALB_F_883
BOAALB_M,7.838613033294678,12.838613033294678,INCT41_20201106_001500.wav,BOAALB_M_884
BOAALB_M,20.001709938049316,25.001709938049316,INCT41_20201106_001500.wav,BOAALB_M_885
BOAALB_M,38.16431427001953,43.16431427001953,INCT41_20201106_001500.wav,BOAALB_M_886
BOAALB_F,55.54445266723633,60.54445266723633,INCT41_20201106_001500.wav,BOAALB_F_887
BOAALB_F,14.339362144470215,19.339362144470215,INCT41_20201231_010000.wav,BOAALB_F_889
BOAALB_F,22.339831352233887,27.339831352233887,INCT41_20201231_010000.wav,BOAALB_F_890
BOAALB_F,31.143299102783203,36.1432991027832,INCT41_20201231_010000.wav,BOAALB_F_891
BOAALB_F,37.30749702453613,42.30749702453613,INCT41_20201231_010000.wav,BOAALB_F_892
BOAALB_F,-1.4017804861068726,3.5982195138931274,INCT41_20201228_014500.wav,BOAALB_F_895
BOAALB_F,11.026991844177246,16.026991844177246,INCT41_20201228_014500.wav,BOAALB_F_896
BOAALB_F,21.088096618652344,26.088096618652344,INCT41_20201228_014500.wav,BOAALB_F_897
BOAALB_F,35.8018741607666,40.8018741607666,INCT41_20201228_014500.wav,BOAALB_F_898
BOAALB_F,39.202810287475586,44.202810287475586,INCT41_20201228_014500.wav,BOAALB_F_899
BOAALB_F,42.95210838317871,47.95210838317871,INCT41_20201228_014500.wav,BOAALB_F_900
BOAALB_F,50.15548133850098,55.15548133850098,INCT41_20201228_014500.wav,BOAALB_F_901
BOAALB_F,53.41471481323242,58.41471481323242,INCT41_20201228_014500.wav,BOAALB_F_902
BOAALB_F,56.573570251464844,61.573570251464844,INCT41_20201228_014500.wav,BOAALB_F_903
BOAALB_F,-0.5869730114936829,4.413026988506317,INCT41_20201028_184500.wav,BOAALB_F_904
BOAALB_F,18.77357006072998,23.77357006072998,INCT41_20201028_184500.wav,BOAALB_F_905
BOAALB_F,22.874178886413574,27.874178886413574,INCT41_20201028_184500.wav,BOAALB_F_906
BOAALB_F,28.554218292236328,33.55421829223633,INCT41_20201028_184500.wav,BOAALB_F_907
BOAALB_F,33.46372985839844,38.46372985839844,INCT41_20201028_184500.wav,BOAALB_F_908
BOAALB_F,37.7060432434082,42.7060432434082,INCT41_20201028_184500.wav,BOAALB_F_909
BOAALB_F,46.34714126586914,51.34714126586914,INCT41_20201028_184500.wav,BOAALB_F_910
BOAALB_F,54.29742240905762,59.29742240905762,INCT41_20201028_184500.wav,BOAALB_F_911
BOAALB_F,38.18134880065918,43.18134880065918,INCT41_20201211_001500.wav,BOAALB_F_912
BOAALB_M,46.70730972290039,51.70730972290039,INCT41_20201211_001500.wav,BOAALB_M_913
BOAALB_M,53.59184455871582,58.59184455871582,INCT41_20201211_001500.wav,BOAALB_M_914
BOAALB_F,5.382380247116089,10.382380247116089,INCT41_20201228_004500.wav,BOAALB_F_915
BOAALB_F,15.278162002563477,20.278162002563477,INCT41_20201228_004500.wav,BOAALB_F_916
BOAALB_F,23.56204319000244,28.56204319000244,INCT41_20201228_004500.wav,BOAALB_F_917
BOAALB_F,34.95754432678223,39.95754432678223,INCT41_20201228_004500.wav,BOAALB_F_918
BOAALB_F,37.466915130615234,42.466915130615234,INCT41_20201228_004500.wav,BOAALB_F_919
BOAALB_F,52.0153694152832,57.0153694152832,INCT41_20201228_004500.wav,BOAALB_F_920
BOAALB_M,-0.06148052215576172,4.938519477844238,INCT41_20200130_220000.wav,BOAALB_M_921
BOAALB_M,2.5128395557403564,7.5128395557403564,INCT41_20200130_220000.wav,BOAALB_M_922
BOAALB_M,8.405435562133789,13.405435562133789,INCT41_20200130_220000.wav,BOAALB_M_923
BOAALB_M,13.14667272567749,18.14667272567749,INCT41_20200130_220000.wav,BOAALB_M_924
BOAALB_M,16.618462562561035,21.618462562561035,INCT41_20200130_220000.wav,BOAALB_M_925
BOAALB_F,49.35248374938965,54.35248374938965,INCT41_20200130_220000.wav,BOAALB_F_931
BOAALB_M,51.785099029541016,56.785099029541016,INCT41_20200130_220000.wav,BOAALB_M_932
BOAALB_F,56.715274810791016,61.715274810791016,INCT41_20200130_220000.wav,BOAALB_F_933
BOAALB_F,16.813307762145996,21.813307762145996,INCT41_20201231_190000.wav,BOAALB_F_937
BOAALB_F,20.710214614868164,25.710214614868164,INCT41_20201231_190000.wav,BOAALB_F_938
BOAALB_F,27.14601707458496,32.14601707458496,INCT41_20201231_190000.wav,BOAALB_F_939
BOAALB_F,32.578067779541016,37.578067779541016,INCT41_20201231_190000.wav,BOAALB_F_940
BOAALB_F,36.92961502075195,41.92961502075195,INCT41_20201231_190000.wav,BOAALB_F_941
BOAALB_F,42.03102111816406,47.03102111816406,INCT41_20201231_190000.wav,BOAALB_F_942
BOAALB_F,47.3745059967041,52.3745059967041,INCT41_20201231_190000.wav,BOAALB_F_943
BOAALB_F,48.51405715942383,53.51405715942383,INCT41_20201231_190000.wav,BOAALB_F_944
BOAALB_F,54.26494598388672,59.26494598388672,INCT41_20201231_190000.wav,BOAALB_F_945
BOAALB_F,57.08725357055664,62.08725357055664,INCT41_20201231_190000.wav,BOAALB_F_946
BOAALB_F,-1.1892224624752998,3.8107775375247,INCT41_20201213_233000.wav,BOAALB_F_947
BOAALB_F,3.5106842517852783,8.510684251785278,INCT41_20201213_233000.wav,BOAALB_F_948
BOAALB_F,9.88744068145752,14.88744068145752,INCT41_20201213_233000.wav,BOAALB_F_949
BOAALB_F,14.776288032531738,19.77628803253174,INCT41_20201213_233000.wav,BOAALB_F_950
BOAALB_M,40.188846588134766,45.188846588134766,INCT41_20201213_233000.wav,BOAALB_M_954
BOAALB_M,47.59297180175781,52.59297180175781,INCT41_20201213_233000.wav,BOAALB_M_955
BOAALB_M,55.8119010925293,60.8119010925293,INCT41_20201213_233000.wav,BOAALB_M_956
BOAALB_F,10.017337799072266,15.017337799072266,INCT41_20201213_033000.wav,BOAALB_F_957
BOAALB_F,33.6585750579834,38.6585750579834,INCT41_20201213_033000.wav,BOAALB_F_958
BOAALB_F,46.648263931274414,51.648263931274414,INCT41_20201213_033000.wav,BOAALB_F_959
BOAALB_F,4.242830514907837,9.242830514907837,INCT41_20201112_231500.wav,BOAALB_F_972
BOAALB_F,18.578725814819336,23.578725814819336,INCT41_20201112_231500.wav,BOAALB_F_973
BOAALB_F,27.305435180664062,32.30543518066406,INCT41_20201112_231500.wav,BOAALB_F_974
BOAALB_F,40.02352333068848,45.02352333068848,INCT41_20201112_231500.wav,BOAALB_F_975
BOAALB_F,52.15117263793945,57.15117263793945,INCT41_20201112_231500.wav,BOAALB_F_976
BOAALB_F,-0.4098409414291382,4.590159058570862,INCT41_20201124_000000.wav,BOAALB_F_977
BOAALB_F,5.19934344291687,10.19934344291687,INCT41_20201124_000000.wav,BOAALB_F_978
BOAALB_F,7.10056209564209,12.10056209564209,INCT41_20201124_000000.wav,BOAALB_F_979
BOAALB_F,12.520805358886719,17.52080535888672,INCT41_20201124_000000.wav,BOAALB_F_980
BOAALB_F,17.645830154418945,22.645830154418945,INCT41_20201124_000000.wav,BOAALB_F_981
BOAALB_F,33.776662826538086,38.776662826538086,INCT41_20201124_000000.wav,BOAALB_F_982
BOAALB_F,41.92474174499512,46.92474174499512,INCT41_20201124_000000.wav,BOAALB_F_983
BOAALB_F,47.569353103637695,52.569353103637695,INCT41_20201124_000000.wav,BOAALB_F_984
BOAALB_F,53.568227767944336,58.568227767944336,INCT41_20201124_000000.wav,BOAALB_F_985
BOAALB_M,12.703842163085938,17.703842163085938,INCT41_20200127_000000.wav,BOAALB_M_986
BOAALB_F,32.253326416015625,37.253326416015625,INCT41_20200127_000000.wav,BOAALB_F_987
BOAALB_M,51.944515228271484,56.944515228271484,INCT41_20200127_000000.wav,BOAALB_M_988
BOAALB_F,45.98697280883789,50.98697280883789,INCT41_20201031_020000.wav,BOAALB_F_989
BOAALB_F,52.69437599182129,57.69437599182129,INCT41_20201031_020000.wav,BOAALB_F_990
BOAALB_F,18.873945236206055,23.873945236206055,INCT41_20210104_001500.wav,BOAALB_F_991
BOAALB_F,35.09925079345703,40.09925079345703,INCT41_20210104_001500.wav,BOAALB_F_992
BOAALB_F,56.803842544555664,61.803842544555664,INCT41_20210104_001500.wav,BOAALB_F_993
BOAALB_F,22.345735549926758,27.345735549926758,INCT41_20210113_013000.wav,BOAALB_F_997
BOAALB_F,27.305435180664062,32.30543518066406,INCT41_20210113_013000.wav,BOAALB_F_998
BOAALB_F,31.24957847595215,36.24957847595215,INCT41_20210113_013000.wav,BOAALB_F_999
BOAALB_F,44.52267837524414,49.52267837524414,INCT41_20210113_013000.wav,BOAALB_F_1001
BOAALB_F,49.600467681884766,54.600467681884766,INCT41_20210113_013000.wav,BOAALB_F_1002
BOAALB_F,54.4184627532959,59.4184627532959,INCT41_20210113_013000.wav,BOAALB_F_1003
BOAALB_F,-0.4216494560241699,4.57835054397583,INCT41_20210106_003000.wav,BOAALB_F_1016
BOAALB_F,6.852577209472656,11.852577209472656,INCT41_20210106_003000.wav,BOAALB_F_1017
BOAALB_F,14.315744400024414,19.315744400024414,INCT41_20210106_003000.wav,BOAALB_F_1018
BOAALB_F,24.683878898620605,29.683878898620605,INCT41_20210106_003000.wav,BOAALB_F_1019
BOAALB_F,36.30374717712402,41.30374717712402,INCT41_20210106_003000.wav,BOAALB_F_1020
BOAALB_F,44.31012153625488,49.31012153625488,INCT41_20210106_003000.wav,BOAALB_F_1021
BOAALB_F,54.3712272644043,59.3712272644043,INCT41_20210106_003000.wav,BOAALB_F_1022
BOAALB_F,-0.39803196489810944,4.601968035101891,INCT41_20201112_210000.wav,BOAALB_F_1023
BOAALB_F,7.277694225311279,12.27769422531128,INCT41_20201112_210000.wav,BOAALB_F_1024
BOAALB_M,56.11893081665039,61.11893081665039,INCT41_20200130_190000.wav,BOAALB_M_1025
BOAALB_M,-1.2836925406008959,3.716307459399104,INCT41_20200213_213000.wav,BOAALB_M_1026
BOAALB_M,4.171977519989014,9.171977519989014,INCT41_20200213_213000.wav,BOAALB_M_1027
BOAALB_M,8.901405811309814,13.901405811309814,INCT41_20200213_213000.wav,BOAALB_M_1028
BOAALB_F,14.894376754760742,19.894376754760742,INCT41_20200213_213000.wav,BOAALB_F_1029
BOAALB_F,44.876943588256836,49.876943588256836,INCT41_20200213_213000.wav,BOAALB_F_1030
BOAALB_F,15.555669784545898,20.5556697845459,INCT41_20201211_231500.wav,BOAALB_F_1031
BOAALB_F,27.943111419677734,32.943111419677734,INCT41_20201211_231500.wav,BOAALB_F_1032
BOAALB_M,7.809090614318848,12.809090614318848,INCT41_20201012_040000.wav,BOAALB_M_1033
BOAALB_M,15.03017807006836,20.03017807006836,INCT41_20201012_040000.wav,BOAALB_M_1034
BOAALB_M,3.1209933757781982,8.120993375778198,INCT41_20200130_230000.wav,BOAALB_M_1035
BOAALB_F,10.14133071899414,15.14133071899414,INCT41_20200130_230000.wav,BOAALB_F_1036
BOAALB_M,16.476757049560547,21.476757049560547,INCT41_20200130_230000.wav,BOAALB_M_1037
BOAALB_F,22.428397178649902,27.428397178649902,INCT41_20200130_230000.wav,BOAALB_F_1038
BOAALB_F,30.151357650756836,35.151357650756836,INCT41_20200130_230000.wav,BOAALB_F_1039
BOAALB_M,36.56354331970215,41.56354331970215,INCT41_20200130_230000.wav,BOAALB_M_1040
BOAALB_M,46.84311103820801,51.84311103820801,INCT41_20200130_230000.wav,BOAALB_M_1041
BOAALB_M,56.52633476257324,61.52633476257324,INCT41_20200130_230000.wav,BOAALB_M_1042
BOAALB_F,-0.18547344207763672,4.814526557922363,INCT41_20210105_223000.wav,BOAALB_F_1043
BOAALB_F,12.733364582061768,17.733364582061768,INCT41_20210110_184500.wav,BOAALB_F_1055
BOAALB_F,19.287254333496094,24.287254333496094,INCT41_20210110_184500.wav,BOAALB_F_1056
BOAALB_F,25.480974197387695,30.480974197387695,INCT41_20210110_184500.wav,BOAALB_F_1057
BOAALB_F,33.34564208984375,38.34564208984375,INCT41_20210110_184500.wav,BOAALB_F_1058
BOAALB_F,41.0213680267334,46.0213680267334,INCT41_20210110_184500.wav,BOAALB_F_1059
BOAALB_F,6.781724452972412,11.781724452972412,INCT41_20201231_050000.wav,BOAALB_F_1060
BOAALB_F,13.064011096954346,18.064011096954346,INCT41_20201231_050000.wav,BOAALB_F_1061
BOAALB_M,7.714620590209961,12.714620590209961,INCT41_20210111_210000.wav,BOAALB_M_1063
BOAALB_F,10.058669090270996,15.058669090270996,INCT41_20210111_210000.wav,BOAALB_F_1064
BOAALB_M,45.49100112915039,50.49100112915039,INCT41_20201105_201500.wav,BOAALB_M_1082
BOAALB_M,51.324554443359375,56.324554443359375,INCT41_20201105_201500.wav,BOAALB_M_1083
BOAALB_M,56.44957733154297,61.44957733154297,INCT41_20201105_201500.wav,BOAALB_M_1084
BOAALB_F,3.7114341259002686,8.711434125900269,INCT41_20201211_211500.wav,BOAALB_F_1085
BOAALB_F,15.915838241577148,20.91583824157715,INCT41_20201211_211500.wav,BOAALB_F_1086
BOAALB_F,22.37525749206543,27.37525749206543,INCT41_20201211_211500.wav,BOAALB_F_1087
BOAALB_F,26.177693367004395,31.177693367004395,INCT41_20201211_211500.wav,BOAALB_F_1088
BOAALB_F,33.1448917388916,38.1448917388916,INCT41_20201211_211500.wav,BOAALB_F_1089
BOAALB_F,46.83720779418945,51.83720779418945,INCT41_20201211_211500.wav,BOAALB_F_1090
BOAALB_F,26.236738204956055,31.236738204956055,INCT41_20200213_221500.wav,BOAALB_F_1091
BOAALB_F,21.6608247756958,26.6608247756958,INCT41_20200213_231500.wav,BOAALB_F_1092
BOAALB_F,43.223711013793945,48.223711013793945,INCT41_20200213_231500.wav,BOAALB_F_1093
BOAALB_F,8.694751262664795,13.694751262664795,INCT41_20201211_011500.wav,BOAALB_F_1094
BOAALB_F,13.583599090576172,18.583599090576172,INCT41_20210111_024500.wav,BOAALB_F_1095
BOAALB_F,46.75454521179199,51.75454521179199,INCT41_20210111_024500.wav,BOAALB_F_1096
BOAALB_F,7.236363410949707,12.236363410949707,INCT41_20200217_001500.wav,BOAALB_F_1097
BOAALB_M,17.24432945251465,22.24432945251465,INCT41_20200217_001500.wav,BOAALB_M_1098
BOAALB_F,23.148734092712402,28.148734092712402,INCT41_20210104_041500.wav,BOAALB_F_1099
BOAALB_F,29.454639434814453,34.45463943481445,INCT41_20210104_041500.wav,BOAALB_F_1100
BOAALB_F,36.53992462158203,41.53992462158203,INCT41_20210104_041500.wav,BOAALB_F_1101
BOAALB_F,46.766353607177734,51.766353607177734,INCT41_20210104_041500.wav,BOAALB_F_1102
BOAALB_F,57.14039421081543,62.14039421081543,INCT41_20201218_050000.wav,BOAALB_F_1103
BOAALB_F,6.781724452972412,11.781724452972412,INCT41_20201109_043000.wav,BOAALB_F_1104
BOAALB_F,17.48050594329834,22.48050594329834,INCT41_20201109_043000.wav,BOAALB_F_1105
BOAALB_F,17.598593711853027,22.598593711853027,INCT41_20201104_041500.wav,BOAALB_F_1106
BOAALB_F,7.419400215148926,12.419400215148926,INCT41_20200213_194500.wav,BOAALB_F_1107
BOAALB_F,20.928678512573242,25.928678512573242,INCT41_20200213_194500.wav,BOAALB_F_1108
BOAALB_F,26.272164344787598,31.272164344787598,INCT41_20200213_194500.wav,BOAALB_F_1109
BOAALB_F,37.86841583251953,42.86841583251953,INCT41_20200213_194500.wav,BOAALB_F_1110
BOAALB_F,51.60796546936035,56.60796546936035,INCT41_20200213_194500.wav,BOAALB_F_1111
BOAALB_F,1.2552011013031006,6.255201101303101,INCT41_20210115_050000.wav,BOAALB_F_1112
BOAALB_F,11.363542556762695,16.363542556762695,INCT41_20210115_050000.wav,BOAALB_F_1113
BOAALB_F,17.26794719696045,22.26794719696045,INCT41_20210115_050000.wav,BOAALB_F_1114
BOAALB_F,25.085378646850586,30.085378646850586,INCT41_20210115_050000.wav,BOAALB_F_1115
BOAALB_F,31.958105087280273,36.95810508728027,INCT41_20210115_050000.wav,BOAALB_F_1116
BOAALB_F,53.54460906982422,58.54460906982422,INCT41_20210115_050000.wav,BOAALB_F_1119
BOAALB_F,1.4441425800323486,6.444142580032349,INCT41_20201124_020000.wav,BOAALB_F_1120
BOAALB_F,12.662511825561523,17.662511825561523,INCT41_20201124_020000.wav,BOAALB_F_1121
BOAALB_M,21.944235801696777,26.944235801696777,INCT41_20201124_020000.wav,BOAALB_M_1122
BOAALB_M,28.793344497680664,33.793344497680664,INCT41_20201124_020000.wav,BOAALB_M_1123
BOAALB_F,35.94948387145996,40.94948387145996,INCT41_20201124_020000.wav,BOAALB_F_1124
BOAALB_F,2.8375821113586426,7.837582111358643,INCT41_20201220_223000.wav,BOAALB_F_1125
BOAALB_F,8.62389850616455,13.62389850616455,INCT41_20201220_223000.wav,BOAALB_F_1126
BOAALB_F,23.62108612060547,28.62108612060547,INCT41_20201220_223000.wav,BOAALB_F_1127
BOAALB_F,33.398780822753906,38.398780822753906,INCT41_20201220_223000.wav,BOAALB_F_1128
BOAALB_F,43.12924003601074,48.12924003601074,INCT41_20201220_223000.wav,BOAALB_F_1129
BOAALB_F,50.49793815612793,55.49793815612793,INCT41_20201220_223000.wav,BOAALB_F_1130
BOAALB_M,8.370008945465088,13.370008945465088,INCT41_20201105_211500.wav,BOAALB_M_1132
BOAALB_F,41.80665397644043,46.80665397644043,INCT41_20201105_211500.wav,BOAALB_F_1136
BOAALB_F,46.54789161682129,51.54789161682129,INCT41_20201105_211500.wav,BOAALB_F_1137
BOAALB_F,49.6004695892334,54.6004695892334,INCT41_20201105_211500.wav,BOAALB_F_1138
BOAALB_F,56.25473213195801,61.25473213195801,INCT41_20201105_211500.wav,BOAALB_F_1139
BOAALB_F,8.192876815795898,13.192876815795898,INCT41_20201105_221500.wav,BOAALB_F_1142
BOAALB_M,15.626522541046143,20.626522541046143,INCT41_20201105_221500.wav,BOAALB_M_1143
BOAALB_M,26.88622283935547,31.88622283935547,INCT41_20201105_221500.wav,BOAALB_M_1144
BOAALB_M,36.534019470214844,41.534019470214844,INCT41_20201105_221500.wav,BOAALB_M_1145
BOAALB_M,56.815650939941406,61.815650939941406,INCT41_20201105_221500.wav,BOAALB_M_1148
BOAALB_F,-2.110309511423111,2.889690488576889,INCT41_20201107_203000.wav,BOAALB_F_1149
BOAALB_F,3.699625015258789,8.699625015258789,INCT41_20201107_203000.wav,BOAALB_F_1150
BOAALB_F,8.387722492218018,13.387722492218018,INCT41_20201107_203000.wav,BOAALB_F_1151
BOAALB_F,13.288378238677979,18.28837823867798,INCT41_20201107_203000.wav,BOAALB_F_1152
BOAALB_F,36.92961502075195,41.92961502075195,INCT41_20201107_203000.wav,BOAALB_F_1155
BOAALB_F,54.18228721618652,59.18228721618652,INCT41_20201107_203000.wav,BOAALB_F_1156
BOAALB_F,57.3004150390625,62.3004150390625,INCT41_20201107_203000.wav,BOAALB_F_1157
BOAALB_F,-0.25931358337402344,4.740686416625977,INCT41_20201124_220000.wav,BOAALB_F_1158
BOAALB_F,2.348893404006958,7.348893404006958,INCT41_20201124_220000.wav,BOAALB_F_1159
BOAALB_F,7.203714847564697,12.203714847564697,INCT41_20201124_220000.wav,BOAALB_F_1160
BOAALB_F,10.155730247497559,15.155730247497559,INCT41_20201124_220000.wav,BOAALB_F_1161
BOAALB_F,17.061549186706543,22.061549186706543,INCT41_20201124_220000.wav,BOAALB_F_1162
BOAALB_F,19.0591983795166,24.0591983795166,INCT41_20201124_220000.wav,BOAALB_F_1163
BOAALB_F,22.876665115356445,27.876665115356445,INCT41_20201124_220000.wav,BOAALB_F_1164
BOAALB_F,28.176067352294922,33.17606735229492,INCT41_20201124_220000.wav,BOAALB_F_1165
BOAALB_F,31.880905151367188,36.88090515136719,INCT41_20201124_220000.wav,BOAALB_F_1166
BOAALB_F,33.13758659362793,38.13758659362793,INCT41_20201124_220000.wav,BOAALB_F_1167
BOAALB_F,36.018470764160156,41.018470764160156,INCT41_20201124_220000.wav,BOAALB_F_1168
BOAALB_F,39.533620834350586,44.533620834350586,INCT41_20201124_220000.wav,BOAALB_F_1169
BOAALB_F,40.73695182800293,45.73695182800293,INCT41_20201124_220000.wav,BOAALB_F_1170
BOAALB_F,46.23196983337402,51.23196983337402,INCT41_20201124_220000.wav,BOAALB_F_1171
BOAALB_F,49.65227699279785,54.65227699279785,INCT41_20201124_220000.wav,BOAALB_F_1172
BOAALB_F,51.83368682861328,56.83368682861328,INCT41_20201124_220000.wav,BOAALB_F_1173
BOAALB_F,56.70036315917969,61.70036315917969,INCT41_20201124_220000.wav,BOAALB_F_1174
BOAALB_F,18.25398349761963,23.25398349761963,INCT41_20201220_003000.wav,BOAALB_F_1175
BOAALB_M,-2.1988754868507385,2.8011245131492615,INCT41_20200130_200000.wav,BOAALB_M_1176
BOAALB_F,2.23533296585083,7.23533296585083,INCT41_20200130_200000.wav,BOAALB_F_1177
BOAALB_M,3.4309744834899902,8.43097448348999,INCT41_20200130_200000.wav,BOAALB_M_1178
BOAALB_F,9.790018558502197,14.790018558502197,INCT41_20200130_200000.wav,BOAALB_F_1179
BOAALB_F,12.597562789916992,17.597562789916992,INCT41_20200130_200000.wav,BOAALB_F_1180
BOAALB_M,16.35866928100586,21.35866928100586,INCT41_20200130_200000.wav,BOAALB_M_1181
BOAALB_M,17.946953773498535,22.946953773498535,INCT41_20200130_200000.wav,BOAALB_M_1182
BOAALB_F,22.36935329437256,27.36935329437256,INCT41_20200130_200000.wav,BOAALB_F_1183
BOAALB_M,24.689784049987793,29.689784049987793,INCT41_20200130_200000.wav,BOAALB_M_1184
BOAALB_F,28.03758144378662,33.03758144378662,INCT41_20200130_200000.wav,BOAALB_F_1185
BOAALB_F,31.515275955200195,36.515275955200195,INCT41_20200130_200000.wav,BOAALB_F_1186
BOAALB_M,35.93767547607422,40.93767547607422,INCT41_20200130_200000.wav,BOAALB_M_1187
BOAALB_M,38.25810623168945,43.25810623168945,INCT41_20200130_200000.wav,BOAALB_M_1188
BOAALB_F,43.076101303100586,48.076101303100586,INCT41_20200130_200000.wav,BOAALB_F_1189
BOAALB_M,46.57150840759277,51.57150840759277,INCT41_20200130_200000.wav,BOAALB_M_1190
BOAALB_F,48.4786319732666,53.4786319732666,INCT41_20200130_200000.wav,BOAALB_F_1191
BOAALB_M,51.89432907104492,56.89432907104492,INCT41_20200130_200000.wav,BOAALB_M_1192
BOAALB_F,56.48500442504883,61.48500442504883,INCT41_20200130_200000.wav,BOAALB_F_1193
BOAALB_F,-1.5789129734039307,3.4210870265960693,INCT41_20201213_223000.wav,BOAALB_F_1194
BOAALB_M,21.359700202941895,26.359700202941895,INCT41_20201213_223000.wav,BOAALB_M_1198
BOAALB_F,25.274319648742676,30.274319648742676,INCT41_20201213_223000.wav,BOAALB_F_1199
BOAALB_M,27.919493675231934,32.919493675231934,INCT41_20201213_223000.wav,BOAALB_M_1200
BOAALB_M,34.16044807434082,39.16044807434082,INCT41_20201213_223000.wav,BOAALB_M_1201
BOAALB_M,41.24573516845703,46.24573516845703,INCT41_20201213_223000.wav,BOAALB_M_1202
BOAALB_F,5.600843667984009,10.600843667984009,INCT41_20201115_003000.wav,BOAALB_F_1205
BOAALB_F,16.323243141174316,21.323243141174316,INCT41_20201115_003000.wav,BOAALB_F_1206
BOAALB_F,23.786410331726074,28.786410331726074,INCT41_20201115_003000.wav,BOAALB_F_1207
BOAALB_F,32.35960578918457,37.35960578918457,INCT41_20201115_003000.wav,BOAALB_F_1208
BOAALB_F,41.783037185668945,46.783037185668945,INCT41_20201115_003000.wav,BOAALB_F_1209
BOAALB_F,48.962791442871094,53.962791442871094,INCT41_20201115_003000.wav,BOAALB_F_1210
BOAALB_F,56.70937156677246,61.70937156677246,INCT41_20201115_003000.wav,BOAALB_F_1211
BOAALB_F,26.573288917541504,31.573288917541504,INCT41_20201113_000000.wav,BOAALB_F_1212
BOAALB_F,34.532426834106445,39.532426834106445,INCT41_20201113_000000.wav,BOAALB_F_1213
BOAALB_F,40.531301498413086,45.531301498413086,INCT41_20201113_000000.wav,BOAALB_F_1214
BOAALB_F,45.845266342163086,50.845266342163086,INCT41_20201113_000000.wav,BOAALB_F_1215
BOAALB_F,-1.7914714887738228,3.208528511226177,INCT41_20201115_013000.wav,BOAALB_F_1216
BOAALB_F,6.380224704742432,11.380224704742432,INCT41_20201115_013000.wav,BOAALB_F_1217
BOAALB_F,12.827834606170654,17.827834606170654,INCT41_20201115_013000.wav,BOAALB_F_1218
BOAALB_F,21.80253028869629,26.80253028869629,INCT41_20201115_013000.wav,BOAALB_F_1219
BOAALB_F,30.16316795349121,35.16316795349121,INCT41_20201115_013000.wav,BOAALB_F_1220
BOAALB_F,33.54048728942871,38.54048728942871,INCT41_20201115_013000.wav,BOAALB_F_1221
BOAALB_F,45.01864814758301,50.01864814758301,INCT41_20201115_013000.wav,BOAALB_F_1222
BOAALB_F,52.670759201049805,57.670759201049805,INCT41_20201115_013000.wav,BOAALB_F_1223
BOAALB_F,37.1776008605957,42.1776008605957,INCT41_20200218_191500.wav,BOAALB_F_1224
BOAALB_F,43.52778625488281,48.52778625488281,INCT41_20200218_191500.wav,BOAALB_F_1225
BOAALB_M,48.44025230407715,53.44025230407715,INCT41_20200218_191500.wav,BOAALB_M_1226
BOAALB_M,53.553466796875,58.553466796875,INCT41_20200218_191500.wav,BOAALB_M_1227
BOAALB_F,-1.0179945230484009,3.982005476951599,INCT41_20210103_213000.wav,BOAALB_F_1228
BOAALB_F,6.397938251495361,11.397938251495361,INCT41_20210103_213000.wav,BOAALB_F_1229
BOAALB_F,12.308247566223145,17.308247566223145,INCT41_20210103_213000.wav,BOAALB_F_1230
BOAALB_F,17.061293601989746,22.061293601989746,INCT41_20210103_213000.wav,BOAALB_F_1231
BOAALB_F,31.285005569458008,36.28500556945801,INCT41_20210103_213000.wav,BOAALB_F_1234
BOAALB_F,12.562137126922607,17.562137126922607,INCT41_20200213_233000.wav,BOAALB_F_1240
BOAALB_F,45.53233337402344,50.53233337402344,INCT41_20200213_233000.wav,BOAALB_F_1241
BOAALB_M,8.564854621887207,13.564854621887207,INCT41_20200127_020000.wav,BOAALB_M_1242
BOAALB_M,28.309184074401855,33.309184074401855,INCT41_20200127_020000.wav,BOAALB_M_1243
BOAALB_M,57.30571746826172,62.30571746826172,INCT41_20200127_020000.wav,BOAALB_M_1244
BOAALB_F,2.3726038932800293,7.372603893280029,INCT41_20201121_224500.wav,BOAALB_F_1245
BOAALB_F,8.869409084320068,13.869409084320068,INCT41_20201121_224500.wav,BOAALB_F_1246
BOAALB_F,16.456920623779297,21.456920623779297,INCT41_20201121_224500.wav,BOAALB_F_1247
BOAALB_F,40.108612060546875,45.108612060546875,INCT41_20201121_224500.wav,BOAALB_F_1249
BOAALB_F,51.62028694152832,56.62028694152832,INCT41_20201121_224500.wav,BOAALB_F_1250
BOAALB_F,5.789784669876099,10.789784669876099,INCT41_20210106_043000.wav,BOAALB_F_1251
BOAALB_F,27.65969944000244,32.65969944000244,INCT41_20210106_043000.wav,BOAALB_F_1252
BOAALB_F,36.79971885681152,41.79971885681152,INCT41_20210106_043000.wav,BOAALB_F_1253
